,Blue_champ_1,Blue_champ_2,Blue_champ_3,Blue_champ_4,Blue_champ_5,Red_champ_1,Red_champ_2,Red_champ_3,Red_champ_4,Red_champ_5,blueAssists,blueAvgLevel,blueCSPerMin,blueDeaths,blueDragons,blueEliteMonsters,blueExperienceDiff,blueFirstBlood,blueGoldDiff,blueGoldPerMin,blueHeralds,blueKills,blueTotalExperience,blueTotalGold,blueTotalJungleMinionsKilled,blueTotalMinionsKilled,blueTowersDestroyed,blueWardsDestroyed,blueWardsPlaced,blueWins,gameId,lowest_lvl_blue,lowest_lvl_red,redAssists,redAvgLevel,redCSPerMin,redDeaths,redDragons,redEliteMonsters,redExperienceDiff,redFirstBlood,redGoldDiff,redGoldPerMin,redHeralds,redKills,redTotalExperience,redTotalGold,redTotalJungleMinionsKilled,redTotalMinionsKilled,redTowersDestroyed,redWardsDestroyed,redWardsPlaced
0,Sona,Zoe,Trundle,Ezreal,Nasus,Neeko,Tryndamere,Thresh,Miss Fortune,Lee Sin,5.0,7.2,20.9,8.0,0.0,0.0,-29.0,1.0,-389.0,1639.6,0.0,7.0,18362.0,16396.0,36.0,209.0,0.0,3.0,20.0,1.0,4515839148.0,67.0,140.0,10.0,7.0,21.3,7.0,1.0,1.0,29.0,0.0,389.0,1678.5,0.0,8.0,18391.0,16785.0,51.0,213.0,0.0,2.0,13.0
1,Kassadin,Ornn,Taliyah,Wukong,Garen,Caitlyn,Malphite,Shen,Cassiopeia,Jarvan IV,11.0,7.2,17.8,5.0,1.0,2.0,2032.0,1.0,2107.0,1705.8,1.0,11.0,18736.0,17058.0,49.0,178.0,0.0,0.0,15.0,1.0,4527239272.0,191.0,59.0,1.0,6.6,21.1,11.0,0.0,0.0,-2032.0,0.0,-2107.0,1495.1,0.0,5.0,16704.0,14951.0,48.0,211.0,0.0,1.0,26.0
2,Maokai,Ezreal,Gragas,Rakan,Pantheon,Katarina,Riven,Kalista,Elise,Thresh,5.0,6.6,21.0,7.0,0.0,0.0,-1459.0,0.0,-1937.0,1501.3,0.0,4.0,16013.0,15013.0,41.0,210.0,0.0,2.0,15.0,1.0,4495044073.0,131.0,103.0,10.0,6.8,19.7,4.0,0.0,1.0,1459.0,1.0,1937.0,1695.0,1.0,7.0,17472.0,16950.0,52.0,197.0,0.0,3.0,11.0
3,Blitzcrank,Rengar,Taliyah,Pantheon,Aphelios,Miss Fortune,Thresh,Zed,Illaoi,Gragas,4.0,6.8,20.6,9.0,0.0,1.0,-1993.0,0.0,-1938.0,1592.8,1.0,6.0,17865.0,15928.0,45.0,206.0,0.0,14.0,13.0,0.0,4526133153.0,60.0,150.0,8.0,7.2,24.4,6.0,1.0,1.0,1993.0,1.0,1938.0,1786.6,0.0,9.0,19858.0,17866.0,45.0,244.0,0.0,0.0,41.0
4,Bard,Veigar,Rek'Sai,Syndra,Fiora,Zac,Jarvan IV,Ezreal,Mordekaiser,Kha'Zix,13.0,7.4,25.2,5.0,0.0,0.0,2086.0,1.0,3412.0,1886.6,0.0,10.0,19651.0,18866.0,51.0,252.0,0.0,5.0,39.0,0.0,4516105924.0,109.0,59.0,8.0,7.0,20.7,10.0,0.0,0.0,-2086.0,0.0,-3412.0,1545.4,0.0,5.0,17565.0,15454.0,49.0,207.0,0.0,3.0,18.0
5,Olaf,Yuumi,Diana,Tristana,Maokai,Gnar,Miss Fortune,Shaco,Thresh,Zoe,2.0,7.0,21.4,4.0,0.0,1.0,-346.0,0.0,-1476.0,1453.6,1.0,1.0,17837.0,14536.0,63.0,214.0,0.0,4.0,12.0,1.0,4515542024.0,93.0,84.0,4.0,7.0,25.3,1.0,1.0,1.0,346.0,1.0,1476.0,1601.2,0.0,4.0,18183.0,16012.0,48.0,253.0,0.0,5.0,19.0
6,Akali,Kled,Elise,Zilean,Kai'Sa,Garen,Syndra,Sett,Olaf,LeBlanc,9.0,6.6,18.2,7.0,0.0,1.0,446.0,1.0,473.0,1651.7,1.0,7.0,16968.0,16517.0,50.0,182.0,0.0,4.0,18.0,0.0,4524259924.0,60.0,124.0,7.0,6.6,18.3,7.0,1.0,1.0,-446.0,0.0,-473.0,1604.4,0.0,7.0,16522.0,16044.0,42.0,183.0,0.0,2.0,18.0
7,Tryndamere,Aphelios,Jarvan IV,Zoe,Sett,Karthus,Ezreal,Kassadin,Vayne,Thresh,1.0,7.0,23.2,10.0,0.0,0.0,-1995.0,0.0,-3449.0,1523.9,0.0,2.0,18073.0,15239.0,52.0,232.0,0.0,2.0,17.0,0.0,4520801995.0,91.0,113.0,13.0,7.6,23.1,2.0,1.0,1.0,1995.0,1.0,3449.0,1868.8,0.0,10.0,20068.0,18688.0,57.0,231.0,0.0,0.0,17.0
8,Elise,Pantheon,Camille,Yuumi,Syndra,Kai'Sa,Lee Sin,Diana,Nautilus,Rumble,3.0,6.6,20.0,6.0,0.0,0.0,-2496.0,0.0,-1945.0,1464.9,0.0,3.0,15693.0,14649.0,48.0,200.0,0.0,3.0,18.0,0.0,4510792748.0,101.0,156.0,7.0,7.0,21.6,3.0,1.0,1.0,2496.0,1.0,1945.0,1659.4,0.0,6.0,18189.0,16594.0,61.0,216.0,0.0,3.0,13.0
9,Miss Fortune,Yuumi,Lee Sin,Jayce,LeBlanc,Aphelios,Zac,Zilean,Rammus,Rengar,12.0,7.0,19.3,6.0,1.0,1.0,87.0,1.0,273.0,1667.9,0.0,7.0,17760.0,16679.0,47.0,193.0,0.0,2.0,13.0,1.0,4517778477.0,209.0,97.0,9.0,6.8,21.5,7.0,0.0,0.0,-87.0,0.0,-273.0,1640.6,0.0,6.0,17673.0,16406.0,48.0,215.0,0.0,3.0,12.0
10,Taliyah,Kled,Riven,Nautilus,Twitch,Rumble,Ahri,Graves,Senna,Janna,5.0,6.4,19.2,9.0,0.0,0.0,-1095.0,1.0,-2519.0,1442.0,0.0,4.0,15196.0,14420.0,32.0,192.0,0.0,3.0,12.0,0.0,4395598976.0,97.0,54.0,15.0,6.4,19.4,4.0,0.0,0.0,1095.0,0.0,2519.0,1693.9,0.0,9.0,16291.0,16939.0,46.0,194.0,0.0,3.0,18.0
11,Aatrox,Pyke,LeBlanc,Kai'Sa,Nidalee,Xerath,Shen,Karthus,Zed,Thresh,3.0,6.6,21.4,9.0,1.0,1.0,-2642.0,0.0,-2572.0,1536.7,0.0,4.0,17109.0,15367.0,54.0,214.0,0.0,4.0,31.0,0.0,4521352083.0,113.0,63.0,12.0,7.0,19.8,4.0,0.0,1.0,2642.0,1.0,2572.0,1793.9,1.0,9.0,19751.0,17939.0,70.0,198.0,0.0,0.0,45.0
12,Aatrox,LeBlanc,Nami,Lee Sin,Jhin,Rengar,Cassiopeia,Jax,Galio,Senna,9.0,6.6,19.5,5.0,1.0,1.0,-889.0,1.0,-729.0,1540.1,0.0,6.0,16508.0,15401.0,32.0,195.0,0.0,5.0,25.0,1.0,4518948833.0,85.0,49.0,5.0,6.6,19.1,6.0,0.0,0.0,889.0,0.0,729.0,1613.0,0.0,5.0,17397.0,16130.0,51.0,191.0,0.0,2.0,18.0
13,Nami,Ashe,Nidalee,Lucian,LeBlanc,Senna,Draven,Cassiopeia,Gragas,Fiora,5.0,6.4,18.0,9.0,0.0,0.0,118.0,0.0,-1729.0,1544.0,0.0,5.0,15725.0,15440.0,43.0,180.0,0.0,3.0,37.0,1.0,4523591734.0,167.0,124.0,8.0,6.4,18.5,5.0,0.0,0.0,-118.0,1.0,1729.0,1716.9,0.0,9.0,15607.0,17169.0,44.0,185.0,0.0,2.0,17.0
14,Blitzcrank,Gnar,Kai'Sa,Kha'Zix,Lux,Kassadin,Ezreal,Bard,Aatrox,Shaco,11.0,7.2,24.4,5.0,0.0,0.0,879.0,1.0,1299.0,1746.7,0.0,7.0,19153.0,17467.0,48.0,244.0,0.0,3.0,15.0,0.0,4514848234.0,65.0,150.0,5.0,7.0,24.1,7.0,0.0,0.0,-879.0,0.0,-1299.0,1616.8,0.0,5.0,18274.0,16168.0,43.0,241.0,0.0,3.0,36.0
15,Irelia,Jhin,Akali,Rek'Sai,Zilean,Lee Sin,Gragas,Camille,Lulu,Vayne,14.0,7.6,23.5,4.0,1.0,2.0,6466.0,1.0,7482.0,2141.6,1.0,18.0,21031.0,21416.0,57.0,235.0,0.0,2.0,22.0,1.0,4471506446.0,73.0,52.0,3.0,6.0,14.4,18.0,0.0,0.0,-6466.0,0.0,-7482.0,1393.4,0.0,4.0,14565.0,13934.0,39.0,144.0,0.0,0.0,16.0
16,Ziggs,Senna,Ornn,Lee Sin,Tryndamere,Rek'Sai,Maokai,Orianna,Jinx,Cho'Gath,11.0,7.0,21.0,3.0,0.0,0.0,459.0,1.0,2199.0,1732.0,0.0,7.0,18039.0,17320.0,44.0,210.0,0.0,4.0,18.0,0.0,4475174876.0,124.0,99.0,4.0,6.8,23.4,7.0,0.0,0.0,-459.0,0.0,-2199.0,1512.1,0.0,3.0,17580.0,15121.0,49.0,234.0,0.0,2.0,14.0
17,Xayah,Rakan,Rek'Sai,Poppy,Ziggs,Thresh,Varus,Syndra,Aatrox,Kindred,1.0,6.6,21.4,5.0,1.0,1.0,-1778.0,0.0,-2425.0,1412.8,0.0,2.0,16843.0,14128.0,45.0,214.0,0.0,4.0,15.0,0.0,4488885595.0,150.0,141.0,4.0,7.2,23.3,2.0,0.0,0.0,1778.0,1.0,2425.0,1655.3,0.0,5.0,18621.0,16553.0,55.0,233.0,0.0,3.0,19.0
18,Karthus,Miss Fortune,Talon,Renekton,Thresh,Lucian,Qiyana,Ekko,Shen,Braum,13.0,7.6,26.2,4.0,0.0,0.0,3377.0,1.0,4185.0,1897.8,0.0,10.0,21014.0,18978.0,56.0,262.0,0.0,3.0,14.0,0.0,4438793603.0,48.0,65.0,3.0,6.8,20.5,10.0,0.0,0.0,-3377.0,0.0,-4185.0,1479.3,0.0,4.0,17637.0,14793.0,52.0,205.0,0.0,4.0,52.0
19,Aatrox,Gragas,Ezreal,Thresh,Yasuo,Kai'Sa,Camille,Jarvan IV,Azir,Sett,8.0,6.4,19.1,11.0,0.0,0.0,-2891.0,0.0,-2596.0,1588.7,0.0,6.0,16048.0,15887.0,48.0,191.0,0.0,4.0,19.0,0.0,4489785292.0,127.0,62.0,13.0,7.2,22.0,6.0,0.0,0.0,2891.0,1.0,2596.0,1848.3,0.0,11.0,18939.0,18483.0,51.0,220.0,0.0,5.0,15.0
20,Singed,Yuumi,Lucian,Janna,Kindred,Rengar,Zoe,Olaf,Lulu,Tristana,0.0,6.2,20.8,7.0,1.0,1.0,-3171.0,0.0,-3574.0,1374.9,0.0,1.0,16076.0,13749.0,43.0,208.0,0.0,0.0,17.0,1.0,4497870077.0,120.0,163.0,9.0,7.2,22.2,1.0,0.0,0.0,3171.0,1.0,3574.0,1732.3,0.0,7.0,19247.0,17323.0,67.0,222.0,0.0,3.0,25.0
21,Ziggs,Hecarim,Lulu,Lucian,Rakan,Brand,Varus,Elise,Maokai,Renekton,2.0,7.0,23.2,7.0,0.0,0.0,-1467.0,0.0,-1822.0,1563.2,0.0,3.0,18400.0,15632.0,72.0,232.0,0.0,1.0,17.0,1.0,4509444763.0,197.0,182.0,6.0,7.4,24.4,3.0,1.0,2.0,1467.0,1.0,1822.0,1745.4,1.0,7.0,19867.0,17454.0,52.0,244.0,0.0,4.0,16.0
22,Yuumi,Azir,Zac,Ezreal,Garen,Diana,Aatrox,Cassiopeia,Lux,Sivir,7.0,7.0,22.2,5.0,0.0,0.0,557.0,1.0,-146.0,1611.0,0.0,5.0,18673.0,16110.0,53.0,222.0,0.0,2.0,20.0,0.0,4442215686.0,184.0,147.0,7.0,7.0,21.7,5.0,0.0,0.0,-557.0,0.0,146.0,1625.6,0.0,5.0,18116.0,16256.0,64.0,217.0,0.0,4.0,15.0
23,Maokai,Singed,Nunu & Willump,Irelia,Kassadin,Yuumi,Ezreal,Galio,Wukong,Rek'Sai,10.0,6.8,20.9,11.0,0.0,1.0,-1411.0,1.0,1051.0,1814.2,1.0,7.0,16864.0,18142.0,43.0,209.0,1.0,6.0,11.0,0.0,4526299418.0,110.0,98.0,8.0,7.2,18.3,7.0,1.0,1.0,1411.0,0.0,-1051.0,1709.1,0.0,11.0,18275.0,17091.0,48.0,183.0,0.0,3.0,20.0
24,Ezreal,Blitzcrank,Karma,Elise,Riven,Zac,Janna,Caitlyn,Cassiopeia,Volibear,14.0,7.4,23.4,3.0,1.0,1.0,2399.0,1.0,4188.0,1903.1,0.0,12.0,18999.0,19031.0,40.0,234.0,0.0,5.0,16.0,0.0,4296354535.0,94.0,88.0,2.0,6.6,20.7,12.0,0.0,1.0,-2399.0,0.0,-4188.0,1484.3,1.0,3.0,16600.0,14843.0,52.0,207.0,0.0,1.0,19.0
25,Caitlyn,Jax,Karma,Zed,Kha'Zix,Senna,Irelia,Yasuo,Elise,Viktor,9.0,7.0,18.4,8.0,1.0,1.0,766.0,0.0,706.0,1734.4,0.0,10.0,18253.0,17344.0,48.0,184.0,0.0,4.0,12.0,0.0,4450553888.0,73.0,98.0,7.0,6.6,20.6,10.0,0.0,1.0,-766.0,1.0,-706.0,1663.8,1.0,8.0,17487.0,16638.0,40.0,206.0,0.0,2.0,21.0
26,Pyke,Senna,Lee Sin,Ornn,Vel'Koz,Kalista,Nasus,Talon,Taric,Fiddlesticks,2.0,6.8,22.3,4.0,0.0,1.0,-298.0,0.0,-564.0,1552.7,1.0,3.0,18231.0,15527.0,48.0,223.0,0.0,6.0,16.0,0.0,4500687748.0,77.0,72.0,7.0,7.0,24.6,3.0,1.0,1.0,298.0,1.0,564.0,1609.1,0.0,4.0,18529.0,16091.0,67.0,246.0,0.0,4.0,19.0
27,Riven,Lucian,Zoe,Bard,Shyvana,Katarina,Elise,Camille,Varus,Yuumi,4.0,7.0,19.2,5.0,1.0,1.0,2257.0,1.0,976.0,1674.9,0.0,7.0,18142.0,16749.0,60.0,192.0,0.0,3.0,44.0,1.0,4519607934.0,68.0,76.0,8.0,6.6,20.9,7.0,0.0,0.0,-2257.0,0.0,-976.0,1577.3,0.0,5.0,15885.0,15773.0,35.0,209.0,0.0,2.0,13.0
28,Viktor,Jarvan IV,Thresh,Kai'Sa,Wukong,Mordekaiser,Qiyana,Kha'Zix,Bard,Ezreal,1.0,6.6,25.4,0.0,0.0,0.0,-311.0,1.0,1221.0,1481.2,0.0,1.0,17296.0,14812.0,53.0,254.0,0.0,4.0,15.0,1.0,4474939096.0,52.0,94.0,0.0,6.8,21.4,1.0,1.0,1.0,311.0,0.0,-1221.0,1359.1,0.0,0.0,17607.0,13591.0,60.0,214.0,0.0,3.0,37.0
29,Ekko,Aphelios,Thresh,LeBlanc,Poppy,Camille,Lee Sin,Heimerdinger,Tristana,Nami,5.0,7.2,21.3,9.0,0.0,0.0,267.0,0.0,-900.0,1615.8,0.0,6.0,18018.0,16158.0,48.0,213.0,0.0,2.0,17.0,0.0,4523981551.0,53.0,58.0,12.0,6.8,17.7,6.0,1.0,2.0,-267.0,1.0,900.0,1705.8,1.0,9.0,17751.0,17058.0,48.0,177.0,0.0,4.0,17.0
30,Pantheon,Zac,Diana,Karma,Draven,Ekko,Lucian,Nautilus,Sylas,Aatrox,17.0,7.2,20.8,6.0,1.0,1.0,2572.0,1.0,4311.0,2001.0,0.0,12.0,20053.0,20010.0,56.0,208.0,0.0,3.0,16.0,1.0,4447488924.0,58.0,123.0,5.0,6.8,21.4,12.0,0.0,0.0,-2572.0,0.0,-4311.0,1569.9,0.0,6.0,17481.0,15699.0,33.0,214.0,0.0,4.0,17.0
31,Ryze,Senna,Varus,Teemo,Lee Sin,Kog'Maw,Cassiopeia,Lulu,Tryndamere,Karthus,12.0,7.8,23.8,3.0,0.0,1.0,4426.0,1.0,6577.0,2120.2,1.0,15.0,21701.0,21202.0,59.0,238.0,0.0,4.0,26.0,1.0,4473949665.0,124.0,160.0,3.0,7.0,18.8,15.0,0.0,0.0,-4426.0,0.0,-6577.0,1462.5,0.0,3.0,17275.0,14625.0,57.0,188.0,0.0,1.0,16.0
32,Lee Sin,Aphelios,Syndra,Nautilus,Blitzcrank,Rek'Sai,Katarina,Akali,Thresh,Miss Fortune,6.0,6.8,21.1,10.0,0.0,0.0,-1740.0,0.0,-2028.0,1599.4,0.0,5.0,17730.0,15994.0,50.0,211.0,0.0,1.0,16.0,0.0,4517631475.0,172.0,70.0,7.0,7.2,24.2,5.0,1.0,1.0,1740.0,1.0,2028.0,1802.2,0.0,10.0,19470.0,18022.0,58.0,242.0,0.0,3.0,12.0
33,Rek'Sai,Zoe,Mordekaiser,Sett,Aphelios,Thresh,Kai'Sa,Twisted Fate,Lee Sin,Kled,7.0,6.6,20.4,14.0,1.0,1.0,-2062.0,0.0,-4526.0,1588.0,0.0,6.0,16941.0,15880.0,45.0,204.0,0.0,1.0,23.0,0.0,4481806461.0,79.0,57.0,23.0,7.0,20.1,6.0,0.0,0.0,2062.0,1.0,4526.0,2040.6,0.0,14.0,19003.0,20406.0,49.0,201.0,0.0,2.0,18.0
34,Ekko,Corki,Swain,Jarvan IV,Dr. Mundo,Syndra,Kindred,Vayne,Maokai,Aatrox,7.0,7.0,19.9,10.0,0.0,0.0,-1561.0,0.0,-1360.0,1756.3,0.0,7.0,17585.0,17563.0,41.0,199.0,0.0,0.0,9.0,0.0,4519431177.0,130.0,59.0,11.0,7.2,24.4,7.0,1.0,1.0,1561.0,1.0,1360.0,1892.3,0.0,10.0,19146.0,18923.0,54.0,244.0,0.0,0.0,15.0
35,Renekton,Kai'Sa,Ekko,Cassiopeia,Bard,Ezreal,Thresh,Maokai,Sett,Syndra,10.0,7.2,22.8,6.0,0.0,0.0,-433.0,0.0,-65.0,1728.1,0.0,6.0,18317.0,17281.0,53.0,228.0,0.0,4.0,37.0,1.0,4525827145.0,69.0,120.0,6.0,7.2,24.6,6.0,1.0,1.0,433.0,1.0,65.0,1734.6,0.0,6.0,18750.0,17346.0,55.0,246.0,0.0,6.0,13.0
36,Shen,Cassiopeia,Kai'Sa,Pantheon,Nautilus,Gragas,Lucian,Jhin,Qiyana,Braum,9.0,6.6,22.6,4.0,1.0,1.0,-120.0,1.0,-1300.0,1531.7,0.0,4.0,16907.0,15317.0,52.0,226.0,0.0,4.0,50.0,0.0,4478776750.0,161.0,130.0,7.0,6.8,21.1,4.0,0.0,1.0,120.0,0.0,1300.0,1661.7,1.0,4.0,17027.0,16617.0,48.0,211.0,1.0,2.0,18.0
37,Vel'Koz,Warwick,Thresh,Vladimir,Draven,Sett,Pyke,Jinx,Nunu & Willump,Xerath,7.0,7.0,24.1,4.0,1.0,2.0,1194.0,0.0,986.0,1698.5,1.0,7.0,19175.0,16985.0,52.0,241.0,0.0,3.0,89.0,1.0,4430925118.0,73.0,95.0,5.0,7.0,26.7,7.0,0.0,0.0,-1194.0,1.0,-986.0,1599.9,0.0,4.0,17981.0,15999.0,48.0,267.0,0.0,1.0,17.0
38,Lee Sin,Braum,Tristana,Anivia,Teemo,Janna,Ziggs,Zyra,Rek'Sai,Lucian,2.0,6.8,22.3,12.0,0.0,0.0,-1446.0,0.0,-3960.0,1519.7,0.0,3.0,17692.0,15197.0,60.0,223.0,0.0,1.0,25.0,0.0,4458615425.0,54.0,119.0,15.0,7.0,21.6,3.0,1.0,2.0,1446.0,1.0,3960.0,1915.7,1.0,12.0,19138.0,19157.0,52.0,216.0,0.0,4.0,93.0
39,Karthus,Hecarim,Bard,Ezreal,Tristana,Thresh,Xayah,Wukong,Elise,Camille,8.0,6.8,18.0,11.0,0.0,0.0,-730.0,1.0,-2298.0,1707.2,0.0,8.0,17724.0,17072.0,63.0,180.0,0.0,1.0,39.0,1.0,4513553506.0,71.0,93.0,5.0,7.0,24.2,8.0,1.0,2.0,730.0,0.0,2298.0,1937.0,1.0,11.0,18454.0,19370.0,48.0,242.0,1.0,2.0,13.0
40,Pantheon,Jarvan IV,Camille,Lux,Miss Fortune,Corki,Leona,Wukong,Ziggs,Aatrox,16.0,7.4,23.2,6.0,1.0,1.0,2257.0,1.0,3356.0,1936.4,0.0,11.0,19292.0,19364.0,49.0,232.0,0.0,3.0,18.0,1.0,4513125079.0,123.0,39.0,9.0,6.8,19.8,11.0,0.0,0.0,-2257.0,0.0,-3356.0,1600.8,0.0,6.0,17035.0,16008.0,41.0,198.0,0.0,3.0,18.0
41,Draven,Vladimir,Rengar,Sett,Braum,Renekton,Rumble,Shaco,Kai'Sa,Thresh,3.0,6.8,21.8,9.0,0.0,0.0,-1410.0,0.0,-1828.0,1616.3,0.0,5.0,18244.0,16163.0,60.0,218.0,0.0,1.0,12.0,0.0,4516564229.0,56.0,63.0,17.0,7.2,23.5,5.0,0.0,1.0,1410.0,1.0,1828.0,1799.1,1.0,9.0,19654.0,17991.0,54.0,235.0,0.0,0.0,15.0
42,Ezreal,Karma,Kindred,Diana,Fiora,Xerath,Cassiopeia,Jayce,Elise,Jhin,7.0,6.4,16.6,11.0,0.0,0.0,-2897.0,1.0,-2171.0,1617.1,0.0,7.0,16252.0,16171.0,52.0,166.0,0.0,1.0,20.0,0.0,4524113252.0,139.0,72.0,13.0,7.0,22.0,7.0,1.0,1.0,2897.0,0.0,2171.0,1834.2,0.0,11.0,19149.0,18342.0,43.0,220.0,0.0,5.0,21.0
43,Zilean,Fiddlesticks,Senna,Kayle,Talon,Fiora,Yuumi,Ezreal,Twisted Fate,Gragas,4.0,7.2,20.8,4.0,1.0,1.0,1765.0,1.0,1670.0,1736.1,0.0,6.0,19308.0,17361.0,72.0,208.0,0.0,4.0,11.0,1.0,4508068981.0,83.0,46.0,6.0,6.8,21.7,6.0,0.0,0.0,-1765.0,0.0,-1670.0,1569.1,0.0,4.0,17543.0,15691.0,55.0,217.0,0.0,1.0,14.0
44,Urgot,Bard,Elise,Varus,Kled,Ekko,Jax,Shen,Miss Fortune,Nautilus,10.0,7.2,22.9,1.0,1.0,1.0,1453.0,0.0,1532.0,1596.6,0.0,4.0,18955.0,15966.0,59.0,229.0,0.0,6.0,46.0,1.0,4515561021.0,117.0,153.0,1.0,7.2,22.9,4.0,0.0,0.0,-1453.0,1.0,-1532.0,1443.4,0.0,1.0,17502.0,14434.0,60.0,229.0,0.0,7.0,61.0
45,Leona,Sett,Nunu & Willump,Yasuo,Syndra,Poppy,Graves,Blitzcrank,Veigar,Ziggs,7.0,7.0,24.5,5.0,0.0,0.0,-656.0,0.0,192.0,1654.3,0.0,6.0,18558.0,16543.0,48.0,245.0,0.0,4.0,19.0,0.0,4509982374.0,123.0,99.0,7.0,7.2,24.5,6.0,1.0,1.0,656.0,1.0,-192.0,1635.1,0.0,5.0,19214.0,16351.0,56.0,245.0,0.0,4.0,18.0
46,Camille,Lee Sin,Swain,Draven,Irelia,Kai'Sa,Karma,Sett,Akali,Graves,5.0,6.8,20.9,13.0,0.0,0.0,-2348.0,0.0,-2154.0,1634.5,0.0,6.0,17662.0,16345.0,42.0,209.0,0.0,1.0,15.0,0.0,4510083368.0,96.0,173.0,13.0,7.4,22.5,6.0,0.0,0.0,2348.0,1.0,2154.0,1849.9,0.0,13.0,20010.0,18499.0,36.0,225.0,0.0,1.0,15.0
47,Varus,Illaoi,Heimerdinger,Volibear,Fizz,Lee Sin,Kog'Maw,Lulu,Neeko,Vayne,5.0,7.2,20.8,5.0,0.0,0.0,388.0,0.0,-866.0,1581.0,0.0,5.0,18914.0,15810.0,56.0,208.0,0.0,4.0,44.0,1.0,4502088283.0,157.0,78.0,3.0,6.8,25.3,5.0,1.0,1.0,-388.0,1.0,866.0,1667.6,0.0,5.0,18526.0,16676.0,51.0,253.0,0.0,15.0,16.0
48,Thresh,Senna,LeBlanc,Lee Sin,Renekton,Kindred,Camille,Ezreal,Malzahar,Sona,4.0,7.0,19.7,1.0,1.0,1.0,1165.0,1.0,2028.0,1582.3,0.0,5.0,17964.0,15823.0,48.0,197.0,0.0,3.0,17.0,1.0,4524934660.0,91.0,98.0,1.0,6.8,20.5,5.0,0.0,0.0,-1165.0,0.0,-2028.0,1379.5,0.0,1.0,16799.0,13795.0,46.0,205.0,0.0,3.0,13.0
49,Katarina,Nautilus,Fiora,Kai'Sa,Xin Zhao,Ekko,Leona,Kennen,Miss Fortune,Kassadin,2.0,6.8,22.0,5.0,1.0,1.0,-1885.0,1.0,-1866.0,1448.5,0.0,2.0,17287.0,14485.0,63.0,220.0,0.0,3.0,16.0,0.0,4464794186.0,87.0,105.0,4.0,7.4,25.3,2.0,0.0,0.0,1885.0,0.0,1866.0,1635.1,0.0,5.0,19172.0,16351.0,56.0,253.0,0.0,1.0,13.0
50,Nocturne,Varus,Xerath,Illaoi,Corki,Zoe,Irelia,Taliyah,Pantheon,Ashe,7.0,6.8,20.8,11.0,0.0,0.0,-1184.0,0.0,-2878.0,1579.0,0.0,4.0,17533.0,15790.0,47.0,208.0,0.0,6.0,34.0,1.0,4525996242.0,143.0,96.0,13.0,7.0,23.4,4.0,0.0,0.0,1184.0,1.0,2878.0,1866.8,0.0,11.0,18717.0,18668.0,44.0,234.0,0.0,10.0,24.0
51,Vladimir,Talon,Sett,Ezreal,Zac,Miss Fortune,Bard,Shyvana,Renekton,Akali,9.0,6.8,21.1,2.0,1.0,1.0,-1292.0,1.0,2394.0,1742.2,0.0,8.0,17192.0,17422.0,24.0,211.0,1.0,0.0,24.0,1.0,4526361954.0,60.0,46.0,3.0,7.0,21.0,8.0,0.0,0.0,1292.0,0.0,-2394.0,1502.8,0.0,2.0,18484.0,15028.0,76.0,210.0,0.0,5.0,36.0
52,Diana,Irelia,Elise,Nami,Aphelios,Wukong,Yasuo,Brand,Varus,Evelynn,7.0,6.4,19.6,7.0,1.0,1.0,-2554.0,1.0,-2164.0,1539.9,0.0,5.0,16243.0,15399.0,48.0,196.0,0.0,3.0,16.0,0.0,4511964473.0,81.0,88.0,8.0,7.0,21.4,5.0,0.0,0.0,2554.0,0.0,2164.0,1756.3,0.0,7.0,18797.0,17563.0,63.0,214.0,0.0,3.0,18.0
53,Senna,Sion,Sylas,Tahm Kench,Diana,Corki,Braum,Ekko,Pantheon,Ezreal,3.0,7.0,23.3,5.0,0.0,0.0,521.0,0.0,-554.0,1602.6,0.0,3.0,18490.0,16026.0,57.0,233.0,0.0,0.0,14.0,1.0,4521227315.0,54.0,84.0,6.0,6.8,23.4,3.0,1.0,1.0,-521.0,1.0,554.0,1658.0,0.0,5.0,17969.0,16580.0,44.0,234.0,0.0,1.0,11.0
54,Galio,Vayne,Sett,Orianna,Olaf,Taliyah,Ezreal,Yuumi,Shen,Gangplank,17.0,7.4,27.2,3.0,1.0,2.0,3244.0,1.0,5512.0,2101.6,1.0,12.0,20144.0,21016.0,59.0,272.0,1.0,3.0,18.0,1.0,4436503508.0,91.0,150.0,6.0,6.6,21.2,12.0,0.0,0.0,-3244.0,0.0,-5512.0,1550.4,0.0,3.0,16900.0,15504.0,56.0,212.0,0.0,1.0,50.0
55,Zed,Skarner,Vayne,Zoe,Zilean,Twisted Fate,Ekko,Darius,Varus,Morgana,3.0,7.6,24.9,4.0,1.0,1.0,2934.0,0.0,1217.0,1706.1,0.0,5.0,20292.0,17061.0,76.0,249.0,0.0,3.0,19.0,1.0,4510754518.0,117.0,125.0,6.0,6.6,21.8,5.0,0.0,0.0,-2934.0,1.0,-1217.0,1584.4,0.0,4.0,17358.0,15844.0,48.0,218.0,0.0,1.0,15.0
56,Jarvan IV,Kennen,Karma,Varus,Qiyana,Kayn,Zoe,Diana,Miss Fortune,Alistar,6.0,6.8,21.0,7.0,0.0,0.0,-51.0,0.0,-155.0,1613.2,0.0,5.0,17519.0,16132.0,50.0,210.0,0.0,1.0,16.0,0.0,4526478943.0,96.0,104.0,11.0,7.0,19.1,5.0,0.0,0.0,51.0,1.0,155.0,1628.7,0.0,7.0,17570.0,16287.0,54.0,191.0,0.0,3.0,21.0
57,Sylas,Senna,Tahm Kench,Zac,Akali,Lux,Aphelios,Singed,Qiyana,Gragas,6.0,7.0,21.2,7.0,0.0,0.0,857.0,1.0,295.0,1677.7,0.0,6.0,18587.0,16777.0,55.0,212.0,0.0,1.0,16.0,0.0,4492859847.0,162.0,85.0,7.0,7.0,21.8,6.0,1.0,1.0,-857.0,0.0,-295.0,1648.2,0.0,7.0,17730.0,16482.0,40.0,218.0,0.0,5.0,23.0
58,Lee Sin,Rumble,Rakan,Xayah,Sylas,Janna,Ezreal,Cassiopeia,Jarvan IV,Sett,10.0,7.0,20.7,3.0,1.0,1.0,1726.0,0.0,2391.0,1689.2,0.0,7.0,18221.0,16892.0,64.0,207.0,0.0,3.0,18.0,1.0,4520080755.0,48.0,114.0,1.0,6.6,19.0,7.0,0.0,0.0,-1726.0,1.0,-2391.0,1450.1,0.0,3.0,16495.0,14501.0,47.0,190.0,0.0,0.0,15.0
59,Xayah,Kled,Rakan,Fiddlesticks,Akali,Ezreal,Braum,Elise,Syndra,Illaoi,2.0,7.0,21.8,6.0,0.0,0.0,-1150.0,0.0,-993.0,1499.8,0.0,3.0,17859.0,14998.0,60.0,218.0,0.0,8.0,10.0,0.0,4516554886.0,115.0,143.0,6.0,7.0,23.6,3.0,1.0,1.0,1150.0,1.0,993.0,1599.1,0.0,6.0,19009.0,15991.0,55.0,236.0,0.0,3.0,39.0
60,Sett,Kha'Zix,Nautilus,Yasuo,Syndra,Vladimir,Pyke,Cassiopeia,Aatrox,Lee Sin,3.0,6.4,20.0,12.0,0.0,0.0,-2289.0,0.0,-4552.0,1420.2,0.0,3.0,16159.0,14202.0,42.0,200.0,0.0,1.0,11.0,0.0,4487407222.0,73.0,120.0,16.0,7.2,22.3,3.0,1.0,1.0,2289.0,1.0,4552.0,1875.4,0.0,12.0,18448.0,18754.0,35.0,223.0,0.0,3.0,14.0
61,Sett,Kalista,LeBlanc,Kha'Zix,Wukong,Rumble,Gragas,Yasuo,Nautilus,Corki,5.0,7.0,20.9,4.0,0.0,0.0,461.0,0.0,793.0,1684.0,0.0,8.0,18528.0,16840.0,51.0,209.0,0.0,2.0,16.0,0.0,4483489256.0,173.0,147.0,5.0,7.0,23.2,8.0,1.0,1.0,-461.0,1.0,-793.0,1604.7,0.0,4.0,18067.0,16047.0,48.0,232.0,0.0,2.0,19.0
62,Shyvana,Katarina,Fiora,Blitzcrank,Kai'Sa,Darius,Yasuo,Thresh,Kennen,Syndra,7.0,7.6,23.8,2.0,0.0,1.0,3179.0,0.0,3339.0,1773.1,1.0,7.0,20617.0,17731.0,80.0,238.0,0.0,2.0,12.0,1.0,4474787155.0,74.0,133.0,2.0,6.8,23.6,7.0,1.0,1.0,-3179.0,1.0,-3339.0,1439.2,0.0,2.0,17438.0,14392.0,46.0,236.0,0.0,1.0,11.0
63,Ezreal,Bard,Sylas,Renekton,Rengar,Tahm Kench,Senna,Diana,Rek'Sai,Neeko,11.0,7.6,23.4,3.0,1.0,1.0,2335.0,1.0,3039.0,1830.9,0.0,9.0,20268.0,18309.0,56.0,234.0,0.0,6.0,40.0,1.0,4466182344.0,120.0,57.0,3.0,7.0,22.3,9.0,0.0,0.0,-2335.0,0.0,-3039.0,1527.0,0.0,3.0,17933.0,15270.0,46.0,223.0,0.0,2.0,18.0
64,Nautilus,Kha'Zix,Kai'Sa,Pantheon,Zilean,Sett,Xayah,Maokai,Cassiopeia,Elise,6.0,6.8,21.6,9.0,0.0,1.0,1018.0,0.0,274.0,1700.5,1.0,7.0,18098.0,17005.0,56.0,216.0,0.0,5.0,13.0,1.0,4522637791.0,196.0,63.0,10.0,6.6,20.0,7.0,1.0,1.0,-1018.0,1.0,-274.0,1673.1,0.0,9.0,17080.0,16731.0,44.0,200.0,0.0,2.0,20.0
65,Zoe,Jax,Miss Fortune,Rek'Sai,Blitzcrank,Ziggs,Soraka,Ekko,Aatrox,Lee Sin,14.0,7.4,22.1,3.0,1.0,2.0,4018.0,1.0,6487.0,2056.7,1.0,15.0,19536.0,20567.0,42.0,221.0,1.0,5.0,27.0,1.0,4462139744.0,67.0,114.0,1.0,6.2,19.7,15.0,0.0,0.0,-4018.0,0.0,-6487.0,1408.0,0.0,3.0,15518.0,14080.0,46.0,197.0,0.0,6.0,19.0
66,Xerath,Taric,Ezreal,Ryze,Wukong,Sett,Rumble,Zilean,Aphelios,Graves,5.0,7.4,22.6,2.0,0.0,1.0,-295.0,1.0,1256.0,1664.9,1.0,7.0,19322.0,16649.0,47.0,226.0,0.0,1.0,17.0,1.0,4507824198.0,69.0,204.0,1.0,7.4,26.8,7.0,1.0,1.0,295.0,0.0,-1256.0,1539.3,0.0,2.0,19617.0,15393.0,63.0,268.0,0.0,6.0,16.0
67,Talon,Cassiopeia,Rek'Sai,Ryze,Yuumi,Sion,Ekko,Neeko,Thresh,Wukong,5.0,6.6,17.1,7.0,0.0,0.0,-2724.0,1.0,-2338.0,1532.1,0.0,7.0,17311.0,15321.0,44.0,171.0,0.0,3.0,19.0,0.0,4455008187.0,74.0,49.0,10.0,7.4,22.5,7.0,0.0,0.0,2724.0,0.0,2338.0,1765.9,0.0,7.0,20035.0,17659.0,47.0,225.0,0.0,3.0,15.0
68,Kled,Syndra,Olaf,Pyke,Azir,Sett,Jhin,Ivern,Qiyana,Xerath,4.0,7.0,24.0,6.0,0.0,1.0,1154.0,1.0,954.0,1714.6,1.0,5.0,19051.0,17146.0,67.0,240.0,0.0,1.0,17.0,1.0,4508109073.0,85.0,98.0,8.0,7.0,21.2,5.0,1.0,1.0,-1154.0,0.0,-954.0,1619.2,0.0,6.0,17897.0,16192.0,50.0,212.0,0.0,4.0,23.0
69,Zac,Graves,Orianna,Kai'Sa,Braum,Nami,Yasuo,Ornn,Jhin,Warwick,14.0,6.8,19.5,6.0,1.0,1.0,287.0,1.0,250.0,1805.6,0.0,11.0,17829.0,18056.0,54.0,195.0,0.0,3.0,14.0,1.0,4506217760.0,99.0,57.0,7.0,7.0,21.0,11.0,0.0,1.0,-287.0,0.0,-250.0,1780.6,1.0,6.0,17542.0,17806.0,59.0,210.0,1.0,2.0,268.0
70,Lee Sin,LeBlanc,Fiora,Xayah,Rakan,Morgana,Varus,Lucian,Gragas,Sylas,10.0,6.6,22.5,7.0,0.0,1.0,-237.0,0.0,-488.0,1573.5,1.0,5.0,17073.0,15735.0,47.0,225.0,0.0,4.0,15.0,0.0,4513928992.0,51.0,142.0,8.0,6.8,20.0,5.0,1.0,1.0,237.0,1.0,488.0,1622.3,0.0,7.0,17310.0,16223.0,48.0,200.0,0.0,3.0,19.0
71,Lee Sin,Orianna,Taric,Wukong,Mordekaiser,Syndra,Riven,Pantheon,Kalista,Leona,8.0,6.8,20.8,10.0,0.0,0.0,-1057.0,1.0,-2574.0,1483.9,0.0,5.0,16702.0,14839.0,32.0,208.0,0.0,3.0,18.0,0.0,4521764642.0,207.0,80.0,17.0,7.0,22.7,5.0,1.0,1.0,1057.0,0.0,2574.0,1741.3,0.0,10.0,17759.0,17413.0,29.0,227.0,0.0,4.0,20.0
72,Lulu,Evelynn,Yasuo,Wukong,Aphelios,Miss Fortune,Thresh,Jarvan IV,Orianna,Tryndamere,5.0,7.0,22.2,3.0,0.0,0.0,1597.0,0.0,1436.0,1656.4,0.0,5.0,18605.0,16564.0,63.0,222.0,0.0,3.0,15.0,1.0,4521747245.0,126.0,85.0,5.0,6.8,22.1,5.0,1.0,1.0,-1597.0,1.0,-1436.0,1512.8,0.0,3.0,17008.0,15128.0,52.0,221.0,0.0,4.0,14.0
73,Miss Fortune,Pyke,Nidalee,Rakan,Vladimir,Nasus,Bard,Kayn,Aphelios,Twisted Fate,5.0,7.0,23.4,3.0,1.0,1.0,788.0,1.0,-18.0,1558.2,0.0,5.0,18842.0,15582.0,55.0,234.0,0.0,5.0,26.0,1.0,4520523189.0,90.0,58.0,7.0,7.0,20.2,5.0,0.0,0.0,-788.0,0.0,18.0,1560.0,0.0,3.0,18054.0,15600.0,67.0,202.0,0.0,2.0,37.0
74,Syndra,Ekko,Riven,Rakan,Jinx,Kha'Zix,Azir,Thresh,Gnar,Lucian,7.0,7.0,22.5,5.0,0.0,0.0,-140.0,0.0,559.0,1721.2,0.0,7.0,18257.0,17212.0,60.0,225.0,0.0,2.0,16.0,1.0,4459957549.0,131.0,292.0,7.0,7.0,22.5,7.0,1.0,1.0,140.0,1.0,-559.0,1665.3,0.0,5.0,18397.0,16653.0,60.0,225.0,0.0,2.0,13.0
75,Rek'Sai,Twisted Fate,Cho'Gath,Blitzcrank,Syndra,Kayn,Xayah,Sion,Janna,Galio,16.0,7.2,23.0,5.0,0.0,1.0,4040.0,1.0,5330.0,2038.0,1.0,16.0,20228.0,20380.0,36.0,230.0,0.0,2.0,13.0,1.0,4486943775.0,102.0,85.0,3.0,6.6,17.3,16.0,1.0,1.0,-4040.0,0.0,-5330.0,1505.0,0.0,5.0,16188.0,15050.0,44.0,173.0,0.0,2.0,18.0
76,Riven,Taliyah,Senna,Nautilus,Twisted Fate,Caitlyn,Ekko,Sett,Nami,Elise,23.0,6.8,18.0,10.0,0.0,0.0,82.0,0.0,814.0,1913.9,0.0,14.0,17648.0,19139.0,28.0,180.0,0.0,4.0,16.0,0.0,4525170767.0,71.0,74.0,14.0,7.0,20.3,14.0,0.0,0.0,-82.0,1.0,-814.0,1832.5,0.0,10.0,17566.0,18325.0,46.0,203.0,0.0,3.0,19.0
77,Karthus,Thresh,Illaoi,Draven,Zed,Maokai,Ekko,Olaf,Caitlyn,Vladimir,10.0,7.4,27.6,4.0,0.0,1.0,1835.0,1.0,2334.0,1836.9,1.0,6.0,20686.0,18369.0,68.0,276.0,0.0,2.0,43.0,1.0,4520769690.0,73.0,116.0,2.0,7.2,24.9,6.0,1.0,1.0,-1835.0,0.0,-2334.0,1603.5,0.0,4.0,18851.0,16035.0,68.0,249.0,0.0,17.0,13.0
78,Senna,Tryndamere,Varus,Lee Sin,Sylas,Zac,Talon,Illaoi,Sett,Lulu,8.0,6.8,18.0,9.0,0.0,0.0,-525.0,0.0,-1281.0,1714.5,0.0,10.0,18179.0,17145.0,43.0,180.0,0.0,6.0,14.0,0.0,4445718276.0,96.0,60.0,9.0,7.0,21.2,10.0,0.0,0.0,525.0,1.0,1281.0,1842.6,0.0,9.0,18704.0,18426.0,62.0,212.0,0.0,1.0,35.0
79,Lee Sin,Wukong,LeBlanc,Xayah,Rakan,Ezreal,Yuumi,Rek'Sai,Riven,Fizz,1.0,7.0,23.3,2.0,0.0,0.0,1220.0,1.0,500.0,1481.4,0.0,2.0,18414.0,14814.0,60.0,233.0,0.0,8.0,20.0,1.0,4476906757.0,154.0,67.0,5.0,6.8,21.3,2.0,0.0,1.0,-1220.0,0.0,-500.0,1431.4,1.0,2.0,17194.0,14314.0,48.0,213.0,0.0,5.0,20.0
80,Shen,Aphelios,Ziggs,Ekko,Bard,Sylas,Graves,Renekton,Sett,Lucian,10.0,7.2,20.2,8.0,0.0,0.0,874.0,1.0,620.0,1735.0,0.0,9.0,18836.0,17350.0,45.0,202.0,0.0,0.0,73.0,0.0,4519712655.0,68.0,105.0,8.0,6.6,21.1,9.0,0.0,0.0,-874.0,0.0,-620.0,1673.0,0.0,8.0,17962.0,16730.0,49.0,211.0,0.0,2.0,16.0
81,Kai'Sa,Rakan,Maokai,Taliyah,Qiyana,Rek'Sai,Nasus,Ryze,Xayah,Yuumi,13.0,7.6,23.9,3.0,0.0,0.0,4581.0,1.0,5712.0,2018.3,0.0,13.0,20925.0,20183.0,48.0,239.0,0.0,5.0,15.0,1.0,4495300852.0,57.0,115.0,3.0,6.6,20.8,13.0,0.0,0.0,-4581.0,0.0,-5712.0,1447.1,0.0,3.0,16344.0,14471.0,36.0,208.0,0.0,3.0,14.0
82,Yasuo,Sett,Sylas,Senna,Vladimir,Olaf,Ezreal,Pyke,Orianna,Wukong,2.0,6.8,21.1,7.0,0.0,0.0,-2111.0,0.0,-3768.0,1541.2,0.0,3.0,17502.0,15412.0,45.0,211.0,0.0,2.0,13.0,1.0,4498068359.0,70.0,94.0,9.0,7.4,24.6,3.0,1.0,2.0,2111.0,1.0,3768.0,1918.0,1.0,7.0,19613.0,19180.0,64.0,246.0,1.0,3.0,16.0
83,Xerath,Quinn,Ezreal,Rengar,Senna,Syndra,Aatrox,Janna,Sejuani,Miss Fortune,2.0,7.2,23.0,8.0,1.0,2.0,-242.0,0.0,-2069.0,1610.1,1.0,5.0,18784.0,16101.0,68.0,230.0,0.0,1.0,11.0,1.0,4461785475.0,67.0,67.0,6.0,7.0,23.9,5.0,0.0,0.0,242.0,1.0,2069.0,1817.0,0.0,8.0,19026.0,18170.0,52.0,239.0,0.0,1.0,13.0
84,Nautilus,Wukong,Malphite,Ziggs,Miss Fortune,Pyke,Kindred,Cassiopeia,Maokai,Kai'Sa,5.0,6.4,19.1,13.0,0.0,0.0,-1784.0,0.0,-3983.0,1566.2,0.0,6.0,16109.0,15662.0,36.0,191.0,0.0,2.0,14.0,0.0,4507707770.0,116.0,66.0,13.0,7.2,21.8,6.0,1.0,1.0,1784.0,1.0,3983.0,1964.5,0.0,13.0,17893.0,19645.0,32.0,218.0,0.0,2.0,17.0
85,Xayah,Warwick,Camille,Syndra,Rakan,Qiyana,Thresh,Singed,Ziggs,Kindred,7.0,6.6,23.8,8.0,0.0,1.0,-606.0,0.0,-1845.0,1584.8,1.0,4.0,17347.0,15848.0,56.0,238.0,0.0,2.0,58.0,0.0,4515529980.0,128.0,99.0,14.0,6.8,22.4,4.0,1.0,1.0,606.0,1.0,1845.0,1769.3,0.0,8.0,17953.0,17693.0,60.0,224.0,0.0,1.0,17.0
86,Draven,Kha'Zix,Leona,Shen,Viktor,Taric,Aatrox,Elise,Kennen,Ezreal,1.0,6.8,24.9,3.0,1.0,1.0,-294.0,0.0,-326.0,1511.9,0.0,1.0,18281.0,15119.0,64.0,249.0,0.0,2.0,48.0,1.0,4492589905.0,123.0,75.0,3.0,7.4,22.8,1.0,0.0,1.0,294.0,1.0,326.0,1544.5,1.0,3.0,18575.0,15445.0,53.0,228.0,0.0,0.0,13.0
87,Azir,Jax,Tahm Kench,Varus,Nocturne,Ekko,Veigar,Sett,Senna,Shyvana,3.0,6.8,25.5,3.0,0.0,1.0,-143.0,0.0,1047.0,1666.4,1.0,2.0,18036.0,16664.0,55.0,255.0,1.0,0.0,14.0,0.0,4519268347.0,66.0,172.0,4.0,7.0,24.7,2.0,1.0,1.0,143.0,1.0,-1047.0,1561.7,0.0,3.0,18179.0,15617.0,54.0,247.0,0.0,3.0,14.0
88,Varus,Cassiopeia,Jarvan IV,Fiora,Leona,Vladimir,Rumble,Graves,Miss Fortune,Talon,10.0,7.0,24.1,3.0,1.0,1.0,-270.0,1.0,739.0,1573.0,0.0,4.0,18484.0,15730.0,52.0,241.0,0.0,2.0,17.0,1.0,4462148925.0,156.0,74.0,5.0,7.0,23.9,4.0,0.0,0.0,270.0,0.0,-739.0,1499.1,0.0,3.0,18754.0,14991.0,59.0,239.0,0.0,2.0,16.0
89,Ziggs,Karma,Irelia,Rek'Sai,Sylas,Pantheon,Kog'Maw,Kha'Zix,Pyke,Lulu,7.0,7.2,23.5,2.0,1.0,1.0,2608.0,0.0,2436.0,1706.2,0.0,6.0,20216.0,17062.0,64.0,235.0,0.0,1.0,18.0,1.0,4525216073.0,106.0,79.0,3.0,7.0,20.3,6.0,0.0,1.0,-2608.0,1.0,-2436.0,1462.6,1.0,2.0,17608.0,14626.0,60.0,203.0,0.0,5.0,12.0
90,Ivern,Kalista,Taric,Syndra,Sett,Kai'Sa,Yuumi,Lee Sin,Fiora,Ekko,6.0,7.0,26.1,4.0,0.0,0.0,2471.0,1.0,2803.0,1763.1,0.0,6.0,18398.0,17631.0,53.0,261.0,0.0,5.0,31.0,1.0,4511226212.0,164.0,220.0,7.0,6.6,18.8,6.0,0.0,1.0,-2471.0,0.0,-2803.0,1482.8,1.0,4.0,15927.0,14828.0,46.0,188.0,0.0,5.0,18.0
91,Azir,Leona,Pantheon,Diana,Kalista,Lee Sin,Gragas,Syndra,Morgana,Camille,8.0,7.8,23.9,1.0,0.0,0.0,3747.0,1.0,3502.0,1748.3,0.0,9.0,20101.0,17483.0,60.0,239.0,0.0,5.0,16.0,1.0,4456521073.0,248.0,85.0,2.0,6.6,21.4,9.0,0.0,0.0,-3747.0,0.0,-3502.0,1398.1,0.0,1.0,16354.0,13981.0,52.0,214.0,0.0,5.0,17.0
92,Ekko,Nautilus,Kalista,Draven,Evelynn,Heimerdinger,Graves,Thresh,Shyvana,Camille,3.0,6.6,20.6,11.0,0.0,0.0,-2492.0,0.0,-3397.0,1600.7,0.0,5.0,17004.0,16007.0,64.0,206.0,0.0,1.0,12.0,0.0,4474587492.0,63.0,44.0,8.0,7.2,22.9,5.0,1.0,1.0,2492.0,1.0,3397.0,1940.4,0.0,11.0,19496.0,19404.0,68.0,229.0,1.0,3.0,18.0
93,Irelia,Shaco,Morgana,Vel'Koz,Ezreal,Syndra,Aphelios,Shen,Gragas,Braum,9.0,6.8,22.1,3.0,1.0,2.0,1289.0,1.0,3588.0,1770.6,1.0,8.0,17285.0,17706.0,52.0,221.0,0.0,2.0,16.0,1.0,4477325608.0,95.0,122.0,4.0,6.6,19.0,8.0,0.0,0.0,-1289.0,0.0,-3588.0,1411.8,0.0,3.0,15996.0,14118.0,52.0,190.0,0.0,1.0,45.0
94,Galio,Maokai,Kha'Zix,Kalista,Jax,Vladimir,Aphelios,Lulu,Rengar,Viktor,12.0,7.4,23.6,3.0,0.0,0.0,3774.0,0.0,4879.0,1890.4,0.0,10.0,18979.0,18904.0,52.0,236.0,0.0,2.0,15.0,1.0,4526474246.0,82.0,57.0,7.0,6.2,16.2,10.0,0.0,0.0,-3774.0,1.0,-4879.0,1402.5,0.0,3.0,15205.0,14025.0,55.0,162.0,0.0,1.0,16.0
95,Graves,Nautilus,Taliyah,Rek'Sai,Kennen,Braum,Ornn,Lulu,Aphelios,Fiora,8.0,6.8,23.6,6.0,1.0,1.0,-1354.0,1.0,-473.0,1638.8,0.0,6.0,17884.0,16388.0,40.0,236.0,0.0,2.0,15.0,1.0,4483754983.0,78.0,210.0,9.0,7.4,23.5,6.0,0.0,0.0,1354.0,0.0,473.0,1686.1,0.0,6.0,19238.0,16861.0,69.0,235.0,0.0,2.0,19.0
96,Darius,Aphelios,Pyke,Syndra,Karthus,Ryze,Cassiopeia,Ashe,Wukong,Yuumi,6.0,7.4,23.8,3.0,0.0,0.0,2029.0,1.0,1735.0,1697.5,0.0,8.0,19639.0,16975.0,64.0,238.0,0.0,5.0,12.0,0.0,4502385665.0,73.0,130.0,2.0,6.6,22.8,8.0,0.0,0.0,-2029.0,0.0,-1735.0,1524.0,0.0,3.0,17610.0,15240.0,39.0,228.0,0.0,1.0,17.0
97,Nami,Olaf,Kalista,Syndra,Irelia,Taliyah,Xerath,Wukong,Kled,Zilean,5.0,7.0,24.9,9.0,1.0,1.0,-1881.0,1.0,-224.0,1745.1,0.0,6.0,18484.0,17451.0,59.0,249.0,0.0,2.0,16.0,1.0,4495666281.0,139.0,141.0,10.0,7.4,20.5,6.0,0.0,0.0,1881.0,0.0,224.0,1767.5,0.0,9.0,20365.0,17675.0,38.0,205.0,0.0,2.0,16.0
98,Shen,LeBlanc,Aphelios,Yorick,Elise,Gragas,Akali,Senna,Varus,Jax,3.0,6.2,18.4,9.0,0.0,0.0,-3306.0,0.0,-3078.0,1403.3,0.0,3.0,15049.0,14033.0,44.0,184.0,0.0,3.0,94.0,0.0,4506788897.0,142.0,68.0,10.0,7.4,20.4,3.0,1.0,1.0,3306.0,1.0,3078.0,1711.1,0.0,9.0,18355.0,17111.0,52.0,204.0,0.0,2.0,22.0
99,Zed,Vladimir,Qiyana,Caitlyn,Lux,Rek'Sai,Shen,Yasuo,Ezreal,Yuumi,2.0,6.8,23.1,6.0,0.0,0.0,-2499.0,0.0,-3673.0,1471.0,0.0,2.0,17302.0,14710.0,44.0,231.0,0.0,3.0,16.0,0.0,4524531081.0,148.0,95.0,7.0,7.4,22.5,2.0,1.0,2.0,2499.0,1.0,3673.0,1838.3,1.0,6.0,19801.0,18383.0,71.0,225.0,1.0,3.0,56.0
100,Zed,Vayne,Mordekaiser,Janna,Lee Sin,Akali,Fiora,Yuumi,Wukong,Warwick,4.0,6.8,21.4,11.0,0.0,0.0,-2555.0,0.0,-2047.0,1610.5,0.0,5.0,17502.0,16105.0,35.0,214.0,0.0,1.0,16.0,0.0,4474977192.0,57.0,73.0,5.0,7.6,20.8,5.0,1.0,1.0,2555.0,1.0,2047.0,1815.2,0.0,11.0,20057.0,18152.0,52.0,208.0,0.0,1.0,141.0
101,Katarina,Varus,Fiora,Ekko,Bard,Gragas,Yasuo,Malphite,Syndra,Pyke,4.0,6.6,20.9,7.0,0.0,0.0,-2220.0,0.0,-3049.0,1434.3,0.0,3.0,16877.0,14343.0,39.0,209.0,0.0,3.0,38.0,1.0,4525091372.0,132.0,66.0,9.0,7.2,24.1,3.0,0.0,0.0,2220.0,1.0,3049.0,1739.2,0.0,7.0,19097.0,17392.0,51.0,241.0,0.0,1.0,19.0
102,Ekko,Talon,Vayne,Nautilus,Jhin,Taric,Senna,Kindred,Zilean,Renekton,4.0,6.4,17.2,9.0,0.0,1.0,-2890.0,1.0,-645.0,1674.9,1.0,9.0,16518.0,16749.0,52.0,172.0,0.0,0.0,15.0,0.0,4495913544.0,51.0,48.0,7.0,7.0,20.2,9.0,1.0,1.0,2890.0,0.0,645.0,1739.4,0.0,9.0,19408.0,17394.0,48.0,202.0,0.0,4.0,15.0
103,Vladimir,Kai'Sa,Brand,Sett,Lee Sin,Kayle,Senna,Pantheon,Maokai,Darius,4.0,6.8,21.0,7.0,1.0,1.0,-2136.0,1.0,-2478.0,1531.5,0.0,3.0,17144.0,15315.0,50.0,210.0,0.0,2.0,14.0,0.0,4468929593.0,78.0,97.0,7.0,7.2,23.1,3.0,0.0,0.0,2136.0,0.0,2478.0,1779.3,0.0,7.0,19280.0,17793.0,60.0,231.0,0.0,2.0,15.0
104,Fizz,Yasuo,Leona,Karthus,Tristana,Zac,Miss Fortune,Jax,Riven,Pyke,6.0,7.0,20.2,6.0,0.0,0.0,-267.0,1.0,265.0,1645.7,0.0,7.0,18265.0,16457.0,56.0,202.0,0.0,4.0,17.0,0.0,4489369709.0,66.0,41.0,4.0,7.0,23.4,7.0,1.0,1.0,267.0,0.0,-265.0,1619.2,0.0,6.0,18532.0,16192.0,63.0,234.0,0.0,4.0,16.0
105,Graves,Volibear,Karma,Syndra,Pyke,Kennen,Irelia,Shaco,Singed,Cassiopeia,3.0,7.0,23.7,3.0,1.0,1.0,2123.0,0.0,1223.0,1604.4,0.0,4.0,18612.0,16044.0,62.0,237.0,0.0,4.0,15.0,1.0,4513447040.0,157.0,120.0,3.0,6.6,23.1,4.0,0.0,1.0,-2123.0,1.0,-1223.0,1482.1,1.0,3.0,16489.0,14821.0,47.0,231.0,0.0,5.0,19.0
106,Singed,Blitzcrank,Zilean,Kha'Zix,Tristana,Camille,Elise,Talon,Ezreal,Yuumi,4.0,7.0,18.2,3.0,0.0,0.0,-843.0,1.0,-1127.0,1452.0,0.0,3.0,17410.0,14520.0,64.0,182.0,0.0,0.0,12.0,0.0,4486653289.0,164.0,63.0,1.0,7.0,23.4,3.0,0.0,0.0,843.0,0.0,1127.0,1564.7,0.0,3.0,18253.0,15647.0,60.0,234.0,0.0,2.0,16.0
107,Katarina,Kled,Rek'Sai,Kai'Sa,Karma,Nami,Jhin,Riven,Nidalee,Pantheon,13.0,6.8,17.9,7.0,1.0,1.0,-752.0,1.0,-280.0,1754.5,0.0,10.0,17316.0,17545.0,55.0,179.0,0.0,1.0,17.0,0.0,4490286186.0,82.0,69.0,9.0,6.8,21.7,10.0,0.0,0.0,752.0,0.0,280.0,1782.5,0.0,7.0,18068.0,17825.0,61.0,217.0,0.0,3.0,39.0
108,Lucian,Qiyana,Nami,Diana,Vladimir,Thresh,Tryndamere,Cho'Gath,Elise,Caitlyn,3.0,7.0,23.1,4.0,0.0,0.0,313.0,0.0,-1449.0,1519.0,0.0,3.0,18530.0,15190.0,51.0,231.0,0.0,0.0,14.0,1.0,4518824724.0,234.0,158.0,4.0,7.0,26.4,3.0,1.0,2.0,-313.0,1.0,1449.0,1663.9,1.0,4.0,18217.0,16639.0,48.0,264.0,0.0,3.0,16.0
109,Rakan,Kalista,Wukong,Syndra,Yorick,Jarvan IV,Miss Fortune,Bard,Akali,Ekko,8.0,7.0,26.1,7.0,0.0,0.0,306.0,1.0,1204.0,1807.8,0.0,8.0,18614.0,18078.0,48.0,261.0,0.0,3.0,52.0,1.0,4503545828.0,90.0,61.0,7.0,6.8,20.4,8.0,1.0,1.0,-306.0,0.0,-1204.0,1687.4,0.0,7.0,18308.0,16874.0,52.0,204.0,0.0,2.0,37.0
110,Rengar,LeBlanc,Varus,Pyke,Darius,Jax,Cassiopeia,Caitlyn,Senna,Elise,7.0,6.6,18.3,4.0,1.0,1.0,22.0,1.0,857.0,1613.4,0.0,8.0,16880.0,16134.0,52.0,183.0,0.0,3.0,14.0,1.0,4526606861.0,53.0,92.0,1.0,6.6,21.0,8.0,0.0,0.0,-22.0,0.0,-857.0,1527.7,0.0,4.0,16858.0,15277.0,52.0,210.0,0.0,0.0,14.0
111,Miss Fortune,Azir,Lulu,Renekton,Elise,Shen,Rumble,Aphelios,Orianna,Nautilus,7.0,7.6,24.6,4.0,0.0,1.0,2657.0,1.0,3479.0,1883.7,1.0,8.0,20066.0,18837.0,48.0,246.0,0.0,5.0,15.0,1.0,4467033955.0,56.0,89.0,6.0,6.8,22.2,8.0,1.0,1.0,-2657.0,0.0,-3479.0,1535.8,0.0,4.0,17409.0,15358.0,55.0,222.0,0.0,4.0,54.0
112,Ekko,Tryndamere,Neeko,Kalista,Thresh,Pantheon,Taliyah,Urgot,Nautilus,Syndra,11.0,6.4,18.9,15.0,0.0,0.0,-4208.0,0.0,-4552.0,1637.8,0.0,7.0,16097.0,16378.0,48.0,189.0,0.0,3.0,17.0,1.0,4518384119.0,173.0,68.0,20.0,7.4,23.4,7.0,1.0,1.0,4208.0,1.0,4552.0,2093.0,0.0,15.0,20305.0,20930.0,56.0,234.0,0.0,5.0,16.0
113,Udyr,Azir,Ezreal,Aatrox,Sona,Olaf,Karma,Nocturne,Volibear,Vayne,7.0,7.2,20.7,8.0,1.0,1.0,1289.0,1.0,738.0,1804.4,0.0,9.0,18900.0,18044.0,69.0,207.0,0.0,1.0,14.0,1.0,4522089265.0,102.0,70.0,11.0,6.8,18.8,9.0,0.0,0.0,-1289.0,0.0,-738.0,1730.6,0.0,8.0,17611.0,17306.0,41.0,188.0,0.0,1.0,11.0
114,Sett,Lee Sin,Nami,Ezreal,Diana,Shaco,Miss Fortune,Katarina,Ekko,Maokai,3.0,7.0,23.4,2.0,0.0,1.0,-208.0,1.0,705.0,1573.6,1.0,2.0,18218.0,15736.0,60.0,234.0,0.0,1.0,18.0,0.0,4511816090.0,198.0,92.0,2.0,7.0,25.0,2.0,1.0,1.0,208.0,0.0,-705.0,1503.1,0.0,2.0,18426.0,15031.0,59.0,250.0,0.0,1.0,16.0
115,Nidalee,Jayce,Sona,Shen,Varus,Twisted Fate,Elise,Kled,Miss Fortune,Alistar,6.0,7.0,17.2,4.0,1.0,1.0,713.0,1.0,143.0,1637.5,0.0,7.0,18026.0,16375.0,62.0,172.0,0.0,1.0,44.0,0.0,4479907998.0,47.0,59.0,3.0,6.6,21.7,7.0,0.0,1.0,-713.0,0.0,-143.0,1623.2,1.0,4.0,17313.0,16232.0,54.0,217.0,0.0,2.0,16.0
116,Ezreal,LeBlanc,Elise,Sett,Lux,Miss Fortune,Olaf,Vladimir,Yuumi,Fizz,6.0,7.0,23.3,5.0,0.0,0.0,275.0,1.0,463.0,1679.3,0.0,6.0,19426.0,16793.0,62.0,233.0,0.0,3.0,17.0,1.0,4507906243.0,94.0,160.0,7.0,7.4,22.4,6.0,1.0,1.0,-275.0,0.0,-463.0,1633.0,0.0,5.0,19151.0,16330.0,62.0,224.0,0.0,4.0,16.0
117,Gangplank,Taliyah,Varus,Renekton,Thresh,Aphelios,Vladimir,Wukong,Kassadin,Sett,12.0,7.0,21.8,4.0,0.0,0.0,1949.0,0.0,3036.0,1817.3,0.0,11.0,18943.0,18173.0,39.0,218.0,0.0,2.0,17.0,1.0,4513836142.0,98.0,82.0,4.0,6.8,20.3,11.0,0.0,0.0,-1949.0,1.0,-3036.0,1513.7,0.0,4.0,16994.0,15137.0,40.0,203.0,0.0,1.0,10.0
118,Brand,Miss Fortune,Gragas,Twisted Fate,Quinn,Syndra,Renekton,Jarvan IV,Malzahar,Sett,11.0,7.2,22.9,8.0,1.0,1.0,34.0,1.0,914.0,1862.3,0.0,8.0,17867.0,18623.0,60.0,229.0,0.0,3.0,18.0,1.0,4521295161.0,48.0,161.0,9.0,7.0,23.7,8.0,0.0,0.0,-34.0,0.0,-914.0,1770.9,0.0,8.0,17833.0,17709.0,42.0,237.0,0.0,2.0,13.0
119,Lee Sin,Ekko,Miss Fortune,Sett,Rumble,Vel'Koz,Kalista,Teemo,Elise,Janna,15.0,7.4,26.0,1.0,1.0,1.0,3370.0,1.0,4498.0,1879.5,0.0,10.0,20241.0,18795.0,43.0,260.0,0.0,5.0,20.0,1.0,4491456543.0,263.0,130.0,2.0,6.4,22.6,10.0,0.0,0.0,-3370.0,0.0,-4498.0,1429.7,0.0,1.0,16871.0,14297.0,48.0,226.0,0.0,3.0,22.0
120,Corki,Ivern,Vayne,Lulu,Olaf,Thresh,Ezreal,Darius,Jarvan IV,Vladimir,5.0,7.0,23.1,3.0,0.0,0.0,2806.0,1.0,3138.0,1681.8,0.0,8.0,18454.0,16818.0,45.0,231.0,0.0,5.0,18.0,1.0,4522592356.0,146.0,176.0,0.0,6.4,19.6,8.0,1.0,2.0,-2806.0,0.0,-3138.0,1368.0,1.0,3.0,15648.0,13680.0,51.0,196.0,0.0,1.0,16.0
121,Nunu & Willump,Kassadin,Alistar,Kai'Sa,Vayne,Graves,Varus,Garen,Fizz,Morgana,14.0,6.6,21.1,7.0,0.0,1.0,276.0,1.0,875.0,1746.5,1.0,9.0,17463.0,17465.0,40.0,211.0,0.0,1.0,16.0,1.0,4524580424.0,124.0,86.0,7.0,6.6,18.3,9.0,0.0,0.0,-276.0,0.0,-875.0,1659.0,0.0,7.0,17187.0,16590.0,44.0,183.0,0.0,2.0,13.0
122,Sett,Ornn,Syndra,Kha'Zix,Miss Fortune,Kalista,Ashe,Xerath,Pantheon,Nidalee,10.0,7.0,23.4,5.0,1.0,1.0,861.0,0.0,834.0,1751.3,0.0,8.0,18498.0,17513.0,44.0,234.0,0.0,5.0,16.0,0.0,4518072555.0,114.0,71.0,7.0,6.8,21.5,8.0,0.0,0.0,-861.0,1.0,-834.0,1667.9,0.0,5.0,17637.0,16679.0,60.0,215.0,0.0,1.0,26.0
123,Sett,Katarina,Lux,Wukong,Ezreal,Yasuo,Gangplank,Ekko,Lucian,Leona,8.0,6.4,21.5,7.0,1.0,1.0,-760.0,0.0,-1031.0,1611.2,0.0,5.0,16747.0,16112.0,52.0,215.0,0.0,1.0,15.0,0.0,4523758251.0,270.0,124.0,10.0,6.8,21.1,5.0,0.0,0.0,760.0,1.0,1031.0,1714.3,0.0,7.0,17507.0,17143.0,56.0,211.0,0.0,1.0,17.0
124,Singed,Swain,Taliyah,Pantheon,Zed,Caitlyn,Ryze,Sona,Rek'Sai,Lissandra,8.0,7.2,21.6,5.0,1.0,1.0,3321.0,0.0,2599.0,1749.1,0.0,9.0,19706.0,17491.0,53.0,216.0,0.0,2.0,11.0,1.0,4520750319.0,76.0,67.0,3.0,6.4,18.9,9.0,0.0,0.0,-3321.0,1.0,-2599.0,1489.2,0.0,5.0,16385.0,14892.0,47.0,189.0,0.0,1.0,15.0
125,Nautilus,Kled,Malzahar,Lee Sin,Kai'Sa,Aatrox,Kalista,Elise,LeBlanc,Sett,9.0,6.8,21.3,9.0,0.0,0.0,-192.0,0.0,-729.0,1733.4,0.0,8.0,16960.0,17334.0,45.0,213.0,0.0,2.0,21.0,1.0,4517709660.0,140.0,92.0,12.0,6.8,21.9,8.0,1.0,1.0,192.0,1.0,729.0,1806.3,0.0,9.0,17152.0,18063.0,43.0,219.0,0.0,6.0,16.0
126,Kai'Sa,Renekton,Ekko,Karma,Vladimir,Volibear,Karthus,Singed,Elise,Kalista,1.0,6.8,24.4,6.0,0.0,0.0,-280.0,0.0,-1585.0,1553.3,0.0,3.0,18287.0,15533.0,66.0,244.0,0.0,3.0,16.0,0.0,4500809848.0,63.0,84.0,10.0,7.0,25.6,3.0,1.0,1.0,280.0,1.0,1585.0,1711.8,0.0,6.0,18567.0,17118.0,60.0,256.0,0.0,2.0,19.0
127,Aphelios,Morgana,Neeko,Skarner,Nasus,Sett,Sylas,Nunu & Willump,Xerath,Syndra,6.0,7.4,19.6,9.0,0.0,0.0,1023.0,0.0,-1270.0,1678.4,0.0,7.0,19211.0,16784.0,64.0,196.0,0.0,2.0,15.0,0.0,4514563057.0,95.0,59.0,10.0,7.2,21.0,7.0,0.0,0.0,-1023.0,1.0,1270.0,1805.4,0.0,9.0,18188.0,18054.0,47.0,210.0,0.0,3.0,15.0
128,Rakan,Yasuo,Skarner,Zilean,Diana,Sett,Bard,Xerath,Katarina,Twitch,7.0,7.2,22.3,5.0,1.0,1.0,995.0,1.0,760.0,1707.0,0.0,6.0,18971.0,17070.0,73.0,223.0,0.0,2.0,20.0,0.0,4505508838.0,104.0,1.0,6.0,6.8,23.0,6.0,0.0,0.0,-995.0,0.0,-760.0,1631.0,0.0,5.0,17976.0,16310.0,39.0,230.0,0.0,2.0,39.0
129,Yasuo,Kalista,Shyvana,Wukong,Morgana,Fiddlesticks,Renekton,Rumble,Miss Fortune,Thresh,9.0,7.4,21.8,7.0,0.0,0.0,2852.0,0.0,3143.0,1942.5,0.0,11.0,20998.0,19425.0,67.0,218.0,0.0,2.0,15.0,1.0,4526227837.0,139.0,59.0,5.0,7.0,21.6,11.0,1.0,1.0,-2852.0,1.0,-3143.0,1628.2,0.0,7.0,18146.0,16282.0,56.0,216.0,0.0,2.0,16.0
130,Gangplank,Zac,Zyra,Ryze,Vayne,Tahm Kench,Senna,Elise,Neeko,Gnar,9.0,7.0,21.4,7.0,1.0,1.0,-566.0,0.0,375.0,1693.7,0.0,7.0,18017.0,16937.0,49.0,214.0,0.0,4.0,77.0,1.0,4493965558.0,126.0,139.0,7.0,7.0,19.4,7.0,0.0,0.0,566.0,1.0,-375.0,1656.2,0.0,7.0,18583.0,16562.0,49.0,194.0,0.0,2.0,17.0
131,Karma,Syndra,Jarvan IV,Miss Fortune,Rakan,Braum,Lucian,Jax,Lee Sin,Fizz,2.0,7.0,22.9,3.0,1.0,2.0,726.0,0.0,198.0,1500.0,1.0,3.0,17972.0,15000.0,52.0,229.0,0.0,2.0,19.0,1.0,4520335099.0,172.0,168.0,3.0,6.8,22.0,3.0,0.0,0.0,-726.0,1.0,-198.0,1480.2,0.0,3.0,17246.0,14802.0,40.0,220.0,0.0,4.0,17.0
132,Yasuo,Shen,Brand,Rammus,Ezreal,Kalista,Lee Sin,Thresh,Pantheon,Ryze,3.0,6.2,15.4,16.0,0.0,0.0,-3112.0,0.0,-6086.0,1473.1,0.0,6.0,15155.0,14731.0,44.0,154.0,0.0,4.0,54.0,0.0,4526397117.0,161.0,102.0,20.0,7.0,23.7,6.0,0.0,0.0,3112.0,1.0,6086.0,2081.7,0.0,16.0,18267.0,20817.0,32.0,237.0,0.0,5.0,21.0
133,Ekko,Morgana,Neeko,Varus,Darius,Kassadin,Ivern,Ornn,Ziggs,Bard,3.0,7.2,24.2,5.0,1.0,1.0,-932.0,0.0,-88.0,1585.9,0.0,4.0,18390.0,15859.0,59.0,242.0,0.0,2.0,15.0,1.0,4511728953.0,176.0,143.0,10.0,7.2,22.2,4.0,0.0,0.0,932.0,1.0,88.0,1594.7,0.0,5.0,19322.0,15947.0,61.0,222.0,0.0,2.0,41.0
134,Malzahar,Lee Sin,Ziggs,Janna,Poppy,Qiyana,Thresh,LeBlanc,Olaf,Kalista,7.0,6.6,17.4,11.0,1.0,1.0,-2746.0,0.0,-2974.0,1524.6,0.0,6.0,16135.0,15246.0,43.0,174.0,0.0,8.0,16.0,1.0,4521916214.0,89.0,65.0,9.0,7.2,19.8,6.0,0.0,1.0,2746.0,1.0,2974.0,1822.0,1.0,11.0,18881.0,18220.0,59.0,198.0,0.0,3.0,26.0
135,Olaf,Fiora,Alistar,Kalista,Diana,Jarvan IV,Irelia,Camille,Syndra,Lux,5.0,6.8,22.5,6.0,1.0,1.0,-1299.0,0.0,46.0,1651.2,0.0,6.0,17751.0,16512.0,56.0,225.0,0.0,4.0,13.0,0.0,4502439636.0,103.0,191.0,8.0,7.2,23.2,6.0,0.0,0.0,1299.0,1.0,-46.0,1646.6,0.0,6.0,19050.0,16466.0,44.0,232.0,0.0,3.0,17.0
136,Twisted Fate,Taric,Kalista,Irelia,Rengar,Sett,Jax,Rek'Sai,LeBlanc,Miss Fortune,8.0,6.6,21.5,11.0,0.0,0.0,-597.0,1.0,377.0,1773.9,0.0,8.0,16482.0,17739.0,55.0,215.0,0.0,3.0,16.0,0.0,4522051549.0,58.0,86.0,12.0,6.8,19.7,8.0,1.0,2.0,597.0,0.0,-377.0,1736.2,1.0,11.0,17079.0,17362.0,44.0,197.0,0.0,4.0,22.0
137,Karthus,Darius,Ezreal,Katarina,Thresh,Ryze,Rek'Sai,Syndra,Janna,Jinx,13.0,7.4,22.8,5.0,1.0,1.0,4087.0,1.0,4498.0,1974.0,0.0,12.0,19505.0,19740.0,68.0,228.0,0.0,5.0,12.0,1.0,4477376343.0,226.0,136.0,6.0,6.2,18.3,12.0,0.0,0.0,-4087.0,0.0,-4498.0,1524.2,0.0,5.0,15418.0,15242.0,40.0,183.0,0.0,1.0,21.0
138,Ezreal,Nami,Kennen,Sejuani,Ryze,Ziggs,Yasuo,Wukong,Galio,Jayce,1.0,7.0,24.1,4.0,0.0,0.0,-2417.0,1.0,-2088.0,1494.7,0.0,2.0,17628.0,14947.0,52.0,241.0,0.0,1.0,17.0,0.0,4522806389.0,99.0,110.0,4.0,7.2,28.0,2.0,1.0,1.0,2417.0,0.0,2088.0,1703.5,0.0,4.0,20045.0,17035.0,68.0,280.0,0.0,4.0,16.0
139,Jax,Karthus,Draven,Irelia,Janna,Sona,Kha'Zix,Riven,Kassadin,Miss Fortune,2.0,7.0,23.8,6.0,0.0,0.0,406.0,0.0,-1045.0,1539.2,0.0,2.0,18126.0,15392.0,60.0,238.0,0.0,1.0,13.0,0.0,4495369305.0,75.0,46.0,7.0,6.8,20.5,2.0,1.0,2.0,-406.0,1.0,1045.0,1643.7,1.0,6.0,17720.0,16437.0,64.0,205.0,0.0,2.0,14.0
140,Elise,Miss Fortune,Pantheon,Pyke,Maokai,Kalista,Graves,Sett,Blitzcrank,Fizz,3.0,6.2,18.3,15.0,0.0,0.0,-5484.0,0.0,-7666.0,1428.1,0.0,3.0,13851.0,14281.0,28.0,183.0,0.0,3.0,16.0,0.0,4496865743.0,65.0,45.0,15.0,7.2,23.1,3.0,0.0,1.0,5484.0,1.0,7666.0,2194.7,1.0,15.0,19335.0,21947.0,80.0,231.0,1.0,0.0,19.0
141,Ekko,Orianna,Jarvan IV,Kai'Sa,Pyke,Cassiopeia,Nami,Yasuo,Hecarim,Sett,14.0,6.8,21.1,5.0,0.0,1.0,-344.0,1.0,1879.0,1785.7,1.0,10.0,17155.0,17857.0,38.0,211.0,0.0,6.0,15.0,1.0,4489690611.0,36.0,66.0,5.0,6.8,22.7,10.0,0.0,0.0,344.0,0.0,-1879.0,1597.8,0.0,5.0,17499.0,15978.0,34.0,227.0,0.0,4.0,16.0
142,Draven,Senna,Sett,Pantheon,Elise,Ezreal,Sylas,Orianna,Darius,Karma,10.0,7.4,21.6,4.0,1.0,1.0,432.0,0.0,2604.0,1797.8,0.0,7.0,18771.0,17978.0,66.0,216.0,0.0,3.0,14.0,1.0,4470191400.0,49.0,56.0,0.0,7.0,22.0,7.0,0.0,0.0,-432.0,1.0,-2604.0,1537.4,0.0,4.0,18339.0,15374.0,51.0,220.0,0.0,5.0,14.0
143,Kai'Sa,Sett,Karthus,Pyke,Poppy,Aatrox,Shyvana,Sona,Anivia,Ezreal,16.0,7.2,20.7,8.0,0.0,1.0,3197.0,1.0,4639.0,2063.9,1.0,11.0,18457.0,20639.0,61.0,207.0,1.0,4.0,18.0,1.0,4502334465.0,81.0,180.0,10.0,6.2,15.9,11.0,1.0,1.0,-3197.0,0.0,-4639.0,1600.0,0.0,8.0,15260.0,16000.0,55.0,159.0,0.0,3.0,15.0
144,Thresh,Tristana,Jax,Ekko,Lissandra,Kha'Zix,Ezreal,Karma,Sylas,Fizz,8.0,6.8,21.2,6.0,1.0,1.0,-497.0,0.0,166.0,1662.7,0.0,8.0,17397.0,16627.0,50.0,212.0,0.0,2.0,15.0,0.0,4511770317.0,149.0,89.0,6.0,7.0,20.9,8.0,0.0,1.0,497.0,1.0,-166.0,1646.1,1.0,6.0,17894.0,16461.0,53.0,209.0,0.0,0.0,14.0
145,LeBlanc,Nami,Jinx,Sylas,Akali,Senna,Talon,Syndra,Sejuani,Thresh,7.0,7.0,21.1,4.0,0.0,0.0,3584.0,0.0,1843.0,1684.7,0.0,9.0,19212.0,16847.0,45.0,211.0,0.0,5.0,15.0,0.0,4526752854.0,134.0,117.0,4.0,6.2,19.4,9.0,0.0,0.0,-3584.0,1.0,-1843.0,1500.4,0.0,4.0,15628.0,15004.0,50.0,194.0,0.0,2.0,17.0
146,Veigar,Jax,Karma,Ezreal,Ekko,Ivern,Rengar,Thresh,Kai'Sa,Kha'Zix,15.0,6.8,21.6,7.0,0.0,0.0,1096.0,1.0,2071.0,1788.5,0.0,8.0,17553.0,17885.0,47.0,216.0,0.0,3.0,17.0,1.0,4507384593.0,159.0,76.0,10.0,6.6,18.8,8.0,1.0,1.0,-1096.0,0.0,-2071.0,1581.4,0.0,7.0,16457.0,15814.0,36.0,188.0,0.0,3.0,28.0
147,Lulu,Vayne,Syndra,Renekton,Rek'Sai,Senna,Shen,Diana,Sett,Kayn,3.0,6.6,23.4,6.0,1.0,1.0,-1630.0,0.0,-2963.0,1502.5,0.0,3.0,17533.0,15025.0,44.0,234.0,0.0,6.0,19.0,0.0,4499266500.0,99.0,205.0,6.0,7.2,25.2,3.0,0.0,1.0,1630.0,1.0,2963.0,1798.8,1.0,6.0,19163.0,17988.0,56.0,252.0,0.0,3.0,59.0
148,Shen,Nautilus,Jarvan IV,Aphelios,Ziggs,Darius,Lucian,Elise,Vayne,Lulu,7.0,6.6,21.4,7.0,0.0,0.0,-2004.0,1.0,-1725.0,1488.7,0.0,3.0,16190.0,14887.0,48.0,214.0,0.0,0.0,48.0,1.0,4495664229.0,45.0,95.0,6.0,6.8,24.2,3.0,1.0,1.0,2004.0,0.0,1725.0,1661.2,0.0,7.0,18194.0,16612.0,48.0,242.0,0.0,5.0,17.0
149,Janna,Nidalee,Ryze,Pyke,Miss Fortune,Thresh,Kai'Sa,Camille,Jarvan IV,Lissandra,8.0,7.0,22.1,6.0,1.0,1.0,733.0,1.0,1807.0,1697.2,0.0,7.0,18412.0,16972.0,51.0,221.0,0.0,3.0,31.0,0.0,4454963096.0,50.0,113.0,3.0,7.0,21.1,7.0,0.0,1.0,-733.0,0.0,-1807.0,1516.5,1.0,6.0,17679.0,15165.0,40.0,211.0,0.0,1.0,14.0
150,Ezreal,Pyke,Shyvana,Garen,Kassadin,Cassiopeia,Kled,Kha'Zix,Zyra,Kalista,5.0,7.4,21.5,3.0,1.0,2.0,932.0,1.0,1468.0,1674.2,1.0,7.0,19145.0,16742.0,67.0,215.0,0.0,7.0,15.0,1.0,4514389880.0,104.0,236.0,2.0,7.2,24.7,7.0,0.0,0.0,-932.0,0.0,-1468.0,1527.4,0.0,3.0,18213.0,15274.0,60.0,247.0,0.0,1.0,85.0
151,Akali,Lee Sin,Maokai,Aphelios,Thresh,Taric,Master Yi,Yuumi,Wukong,Miss Fortune,9.0,6.8,22.4,2.0,1.0,2.0,528.0,0.0,1481.0,1626.0,1.0,6.0,17559.0,16260.0,49.0,224.0,0.0,2.0,15.0,0.0,4466130719.0,137.0,59.0,5.0,6.6,19.5,6.0,0.0,0.0,-528.0,1.0,-1481.0,1477.9,0.0,2.0,17031.0,14779.0,64.0,195.0,0.0,3.0,15.0
152,Lee Sin,Twisted Fate,Kai'Sa,Lulu,Renekton,Syndra,Vladimir,Lucian,Thresh,Jarvan IV,7.0,7.2,22.0,8.0,0.0,0.0,1013.0,1.0,1938.0,1838.0,0.0,10.0,18318.0,18380.0,42.0,220.0,0.0,1.0,18.0,1.0,4472795984.0,226.0,98.0,9.0,6.8,18.9,10.0,0.0,0.0,-1013.0,0.0,-1938.0,1644.2,0.0,8.0,17305.0,16442.0,48.0,189.0,0.0,2.0,12.0
153,Xerath,Kled,Pyke,Lee Sin,Ziggs,Miss Fortune,Senna,Xin Zhao,Quinn,LeBlanc,12.0,6.8,21.5,13.0,0.0,0.0,-674.0,0.0,-1097.0,1808.2,0.0,9.0,17805.0,18082.0,37.0,215.0,0.0,2.0,18.0,0.0,4502140813.0,154.0,65.0,18.0,7.0,20.4,9.0,1.0,1.0,674.0,1.0,1097.0,1917.9,0.0,13.0,18479.0,19179.0,54.0,204.0,0.0,5.0,12.0
154,Ashe,Shen,Twisted Fate,Nami,Shyvana,Vladimir,Jhin,Amumu,Azir,Taric,0.0,7.0,23.0,1.0,1.0,1.0,541.0,0.0,-832.0,1445.7,0.0,0.0,18824.0,14457.0,72.0,230.0,0.0,1.0,59.0,0.0,4525831226.0,138.0,55.0,1.0,7.0,26.7,0.0,0.0,0.0,-541.0,1.0,832.0,1528.9,0.0,1.0,18283.0,15289.0,63.0,267.0,0.0,0.0,20.0
155,Gangplank,Taric,Vladimir,Graves,Ezreal,Jax,Lulu,Lee Sin,Vayne,Ziggs,5.0,6.8,21.4,5.0,1.0,2.0,343.0,0.0,-727.0,1513.1,1.0,4.0,18216.0,15131.0,61.0,214.0,0.0,2.0,12.0,0.0,4527715781.0,143.0,64.0,2.0,6.8,24.8,4.0,0.0,0.0,-343.0,1.0,727.0,1585.8,0.0,5.0,17873.0,15858.0,48.0,248.0,0.0,4.0,17.0
156,Heimerdinger,Azir,Lucian,Nami,Kha'Zix,Blitzcrank,Riven,Miss Fortune,Nidalee,Rumble,3.0,7.2,23.5,2.0,1.0,2.0,144.0,1.0,1236.0,1612.5,1.0,4.0,19055.0,16125.0,56.0,235.0,0.0,4.0,16.0,0.0,4522652739.0,68.0,66.0,2.0,7.4,24.9,4.0,0.0,0.0,-144.0,0.0,-1236.0,1488.9,0.0,2.0,18911.0,14889.0,60.0,249.0,0.0,4.0,28.0
157,Jax,Olaf,Twisted Fate,Nautilus,Senna,Irelia,Lulu,Zoe,Kindred,Varus,1.0,7.0,21.0,5.0,1.0,2.0,-756.0,0.0,-1215.0,1494.2,1.0,1.0,17727.0,14942.0,83.0,210.0,0.0,4.0,16.0,1.0,4446243794.0,138.0,111.0,7.0,7.0,23.3,1.0,0.0,0.0,756.0,1.0,1215.0,1615.7,0.0,5.0,18483.0,16157.0,52.0,233.0,0.0,3.0,21.0
158,Sett,Ezreal,Kha'Zix,LeBlanc,Aatrox,Varus,Zilean,Shen,Syndra,Gragas,2.0,6.8,22.4,7.0,0.0,0.0,-2542.0,1.0,-1518.0,1464.5,0.0,2.0,16717.0,14645.0,44.0,224.0,0.0,3.0,14.0,1.0,4521545433.0,46.0,123.0,4.0,7.2,20.7,2.0,0.0,0.0,2542.0,0.0,1518.0,1616.3,0.0,7.0,19259.0,16163.0,60.0,207.0,0.0,2.0,58.0
159,Garen,Aphelios,Nautilus,Rengar,Lissandra,Syndra,Graves,Lucian,Jax,Bard,15.0,7.0,18.6,5.0,1.0,1.0,350.0,0.0,1790.0,1820.4,0.0,11.0,18154.0,18204.0,60.0,186.0,0.0,3.0,17.0,1.0,4492300291.0,44.0,70.0,4.0,7.0,22.9,11.0,0.0,0.0,-350.0,1.0,-1790.0,1641.4,0.0,5.0,17804.0,16414.0,57.0,229.0,0.0,5.0,38.0
160,Graves,Syndra,Thresh,Neeko,Lucian,Fiora,Ezreal,Diana,Yuumi,Taliyah,10.0,7.0,22.0,5.0,1.0,1.0,-736.0,1.0,1068.0,1646.0,0.0,7.0,17623.0,16460.0,52.0,220.0,0.0,5.0,19.0,1.0,4523556963.0,98.0,322.0,5.0,6.8,20.9,7.0,0.0,0.0,736.0,0.0,-1068.0,1539.2,0.0,5.0,18359.0,15392.0,57.0,209.0,0.0,3.0,15.0
161,Aphelios,Graves,Kayle,Braum,Sylas,Irelia,Riven,Orianna,Gragas,Thresh,6.0,7.2,23.7,3.0,1.0,2.0,1371.0,1.0,2053.0,1722.4,1.0,7.0,18597.0,17224.0,56.0,237.0,0.0,3.0,18.0,1.0,4498185770.0,79.0,134.0,4.0,6.6,23.7,7.0,0.0,0.0,-1371.0,0.0,-2053.0,1517.1,0.0,3.0,17226.0,15171.0,43.0,237.0,0.0,4.0,16.0
162,Pyke,Shen,Syndra,Master Yi,Taric,Malphite,Olaf,Varus,Morgana,Sett,3.0,6.8,19.8,4.0,0.0,0.0,-2502.0,1.0,-3335.0,1448.2,0.0,3.0,17114.0,14482.0,34.0,198.0,0.0,7.0,48.0,1.0,4507582515.0,129.0,70.0,4.0,7.2,24.8,3.0,1.0,2.0,2502.0,0.0,3335.0,1781.7,1.0,4.0,19616.0,17817.0,52.0,248.0,1.0,6.0,18.0
163,Wukong,Xerath,Pantheon,Elise,Thresh,Jarvan IV,Rumble,Renekton,Kog'Maw,Lulu,11.0,7.2,23.9,4.0,1.0,1.0,2461.0,1.0,3160.0,1826.6,0.0,10.0,19333.0,18266.0,40.0,239.0,0.0,5.0,18.0,1.0,4526450175.0,207.0,201.0,6.0,6.8,20.6,10.0,0.0,0.0,-2461.0,0.0,-3160.0,1510.6,0.0,4.0,16872.0,15106.0,47.0,206.0,0.0,4.0,17.0
164,Rengar,Lucian,Caitlyn,Akali,Sona,Janna,Kai'Sa,Yasuo,Gragas,Fiora,5.0,7.0,22.1,3.0,0.0,0.0,1388.0,0.0,752.0,1607.9,0.0,4.0,18772.0,16079.0,54.0,221.0,0.0,4.0,13.0,1.0,4487077116.0,46.0,90.0,5.0,6.6,22.3,4.0,1.0,1.0,-1388.0,1.0,-752.0,1532.7,0.0,3.0,17384.0,15327.0,52.0,223.0,0.0,2.0,23.0
165,Gnar,Miss Fortune,LeBlanc,Nautilus,Lee Sin,Gangplank,Ornn,Lucian,Karthus,Thresh,2.0,7.2,24.9,3.0,1.0,2.0,-1075.0,1.0,-424.0,1555.0,1.0,3.0,18425.0,15550.0,56.0,249.0,0.0,2.0,12.0,1.0,4457541720.0,94.0,39.0,5.0,7.2,24.5,3.0,0.0,0.0,1075.0,0.0,424.0,1597.4,0.0,3.0,19500.0,15974.0,68.0,245.0,0.0,4.0,15.0
166,Gangplank,Akali,Xin Zhao,Sett,Kalista,Vladimir,LeBlanc,Lucian,Nami,Lee Sin,3.0,6.6,19.3,7.0,0.0,0.0,-1542.0,0.0,-2129.0,1405.6,0.0,3.0,16342.0,14056.0,50.0,193.0,0.0,3.0,15.0,0.0,4525536243.0,74.0,96.0,12.0,7.0,21.7,3.0,1.0,1.0,1542.0,1.0,2129.0,1618.5,0.0,7.0,17884.0,16185.0,34.0,217.0,0.0,2.0,18.0
167,Zed,Nautilus,Ekko,Kayle,Ziggs,Shen,Yuumi,Kai'Sa,Rek'Sai,Ahri,3.0,7.0,22.3,9.0,0.0,0.0,-655.0,0.0,-1579.0,1547.7,0.0,3.0,17532.0,15477.0,56.0,223.0,0.0,3.0,15.0,1.0,4509591728.0,97.0,68.0,12.0,7.0,19.2,3.0,0.0,1.0,655.0,1.0,1579.0,1705.6,1.0,9.0,18187.0,17056.0,52.0,192.0,0.0,1.0,61.0
168,Camille,Rek'Sai,Vayne,Ekko,Yuumi,Zac,Kai'Sa,Renekton,Yasuo,Lee Sin,9.0,7.2,20.6,6.0,0.0,0.0,1809.0,0.0,1703.0,1763.3,0.0,9.0,18808.0,17633.0,54.0,206.0,0.0,1.0,14.0,1.0,4512245409.0,96.0,90.0,7.0,6.8,21.0,9.0,0.0,0.0,-1809.0,1.0,-1703.0,1593.0,0.0,6.0,16999.0,15930.0,40.0,210.0,0.0,1.0,16.0
169,Bard,Ezreal,Azir,Kha'Zix,Sett,Darius,Karthus,Cassiopeia,Leona,Varus,8.0,7.0,21.8,9.0,0.0,0.0,-523.0,0.0,-1067.0,1738.9,0.0,8.0,18770.0,17389.0,43.0,218.0,0.0,2.0,39.0,1.0,4518322002.0,59.0,73.0,9.0,7.4,23.4,8.0,1.0,1.0,523.0,1.0,1067.0,1845.6,0.0,9.0,19293.0,18456.0,60.0,234.0,0.0,2.0,18.0
170,Xayah,Thresh,Garen,Ekko,Nidalee,Nunu & Willump,Yasuo,Kai'Sa,Yuumi,Syndra,9.0,6.8,21.0,7.0,0.0,0.0,-1609.0,1.0,99.0,1666.0,0.0,6.0,17061.0,16660.0,56.0,210.0,0.0,6.0,23.0,0.0,4452966828.0,71.0,100.0,3.0,7.0,21.4,6.0,1.0,1.0,1609.0,0.0,-99.0,1656.1,0.0,7.0,18670.0,16561.0,38.0,214.0,0.0,0.0,20.0
171,Cassiopeia,Xin Zhao,Syndra,Taliyah,Aatrox,Ezreal,Garen,Lee Sin,Gragas,Viktor,11.0,6.8,20.9,10.0,0.0,0.0,-1855.0,1.0,-293.0,1752.4,0.0,8.0,16577.0,17524.0,41.0,209.0,0.0,0.0,16.0,0.0,4524343705.0,72.0,90.0,11.0,7.2,21.1,8.0,1.0,1.0,1855.0,0.0,293.0,1781.7,0.0,10.0,18432.0,17817.0,57.0,211.0,0.0,2.0,16.0
172,Cassiopeia,Heimerdinger,Pantheon,Lux,Yorick,Lissandra,Miss Fortune,Soraka,Karthus,Ornn,10.0,7.0,22.6,6.0,0.0,1.0,244.0,1.0,1789.0,1781.6,1.0,8.0,18186.0,17816.0,47.0,226.0,0.0,3.0,145.0,1.0,4519593233.0,170.0,294.0,11.0,6.8,21.0,8.0,1.0,1.0,-244.0,0.0,-1789.0,1602.7,0.0,6.0,17942.0,16027.0,60.0,210.0,0.0,3.0,17.0
173,Renekton,Elise,Ryze,Braum,Lucian,Evelynn,Thresh,Tristana,Jax,Karma,6.0,6.6,22.0,10.0,1.0,1.0,-2623.0,1.0,-2814.0,1633.1,0.0,5.0,16667.0,16331.0,51.0,220.0,0.0,3.0,16.0,0.0,4523361669.0,172.0,62.0,10.0,7.0,22.0,5.0,0.0,1.0,2623.0,0.0,2814.0,1914.5,1.0,10.0,19290.0,19145.0,64.0,220.0,0.0,2.0,15.0
174,Janna,Ezreal,Rengar,Gnar,Neeko,Garen,Brand,Tristana,Zoe,Elise,3.0,7.0,23.2,1.0,0.0,0.0,114.0,1.0,1232.0,1539.2,0.0,3.0,17891.0,15392.0,51.0,232.0,0.0,6.0,15.0,0.0,4526528415.0,120.0,60.0,2.0,6.8,22.3,3.0,1.0,1.0,-114.0,0.0,-1232.0,1416.0,0.0,1.0,17777.0,14160.0,52.0,223.0,0.0,3.0,23.0
175,Ahri,Kassadin,Lee Sin,Swain,Kai'Sa,Miss Fortune,Sylas,Thresh,Corki,Rumble,5.0,7.0,23.5,7.0,1.0,1.0,166.0,0.0,-776.0,1655.4,0.0,7.0,18512.0,16554.0,33.0,235.0,0.0,3.0,17.0,0.0,4503284837.0,79.0,75.0,14.0,6.8,25.9,7.0,0.0,0.0,-166.0,1.0,776.0,1733.0,0.0,7.0,18346.0,17330.0,36.0,259.0,0.0,3.0,16.0
176,Jhin,Nautilus,Poppy,Elise,Galio,Yuumi,Cho'Gath,Ezreal,Trundle,Vladimir,14.0,7.0,23.1,5.0,1.0,1.0,-1776.0,1.0,313.0,1698.6,0.0,6.0,17323.0,16986.0,55.0,231.0,0.0,5.0,21.0,0.0,4519875448.0,146.0,48.0,3.0,7.2,23.6,6.0,0.0,1.0,1776.0,0.0,-313.0,1667.3,1.0,5.0,19099.0,16673.0,56.0,236.0,0.0,8.0,16.0
177,Ezreal,Leona,Ahri,Kha'Zix,Riven,Taric,Kai'Sa,Syndra,Elise,Fiora,8.0,7.2,22.2,7.0,0.0,0.0,2502.0,1.0,2361.0,1812.6,0.0,10.0,18581.0,18126.0,40.0,222.0,0.0,1.0,15.0,1.0,4440191249.0,95.0,73.0,4.0,6.2,17.6,10.0,1.0,1.0,-2502.0,0.0,-2361.0,1576.5,0.0,7.0,16079.0,15765.0,40.0,176.0,0.0,1.0,10.0
178,Kha'Zix,Vladimir,Ashe,Katarina,Sett,Rakan,Irelia,Talon,Kalista,Karthus,5.0,7.0,20.1,8.0,0.0,0.0,-1891.0,1.0,-2021.0,1645.9,0.0,6.0,18612.0,16459.0,58.0,201.0,0.0,1.0,13.0,0.0,4456177266.0,111.0,76.0,7.0,7.4,23.5,6.0,0.0,0.0,1891.0,0.0,2021.0,1848.0,0.0,8.0,20503.0,18480.0,80.0,235.0,0.0,0.0,20.0
179,Maokai,Kai'Sa,Ekko,Qiyana,Singed,Gragas,Yasuo,Bard,Ezreal,Jhin,4.0,6.8,20.4,6.0,1.0,1.0,-1140.0,1.0,-1631.0,1481.6,0.0,4.0,17070.0,14816.0,46.0,204.0,0.0,2.0,15.0,0.0,4518840459.0,103.0,156.0,9.0,6.8,23.9,4.0,0.0,0.0,1140.0,0.0,1631.0,1644.7,0.0,6.0,18210.0,16447.0,40.0,239.0,0.0,2.0,48.0
180,Braum,Camille,Vayne,Nidalee,Sylas,Ornn,Nautilus,Wukong,Kalista,Neeko,12.0,7.2,19.6,8.0,1.0,1.0,1287.0,0.0,1693.0,1909.4,0.0,14.0,19076.0,19094.0,56.0,196.0,0.0,0.0,26.0,0.0,4516946022.0,63.0,79.0,6.0,6.8,21.4,14.0,0.0,0.0,-1287.0,1.0,-1693.0,1740.1,0.0,8.0,17789.0,17401.0,43.0,214.0,0.0,3.0,16.0
181,Miss Fortune,Pantheon,Lee Sin,Vladimir,Nautilus,Renekton,Karthus,Orianna,Zyra,Aphelios,14.0,7.2,22.5,4.0,1.0,2.0,2901.0,1.0,3708.0,1933.9,1.0,12.0,19966.0,19339.0,66.0,225.0,0.0,1.0,20.0,0.0,4527042510.0,65.0,136.0,3.0,6.8,20.3,12.0,0.0,0.0,-2901.0,0.0,-3708.0,1563.1,0.0,4.0,17065.0,15631.0,60.0,203.0,0.0,3.0,83.0
182,Taric,Kalista,Azir,Kayle,Xin Zhao,Aphelios,Sett,Mordekaiser,Syndra,Graves,17.0,7.2,25.0,4.0,0.0,0.0,3949.0,1.0,6375.0,2082.8,0.0,15.0,19032.0,20828.0,28.0,250.0,1.0,3.0,12.0,1.0,4521076774.0,180.0,98.0,5.0,6.2,16.4,15.0,0.0,0.0,-3949.0,0.0,-6375.0,1445.3,0.0,4.0,15083.0,14453.0,54.0,164.0,0.0,0.0,15.0
183,Ezreal,Varus,Braum,Irelia,Lee Sin,Kai'Sa,Yuumi,Wukong,Evelynn,Diana,10.0,6.6,22.9,6.0,0.0,0.0,-1588.0,1.0,-971.0,1586.2,0.0,5.0,16175.0,15862.0,39.0,229.0,0.0,3.0,16.0,0.0,4520855860.0,84.0,55.0,6.0,6.8,19.5,5.0,0.0,1.0,1588.0,0.0,971.0,1683.3,1.0,6.0,17763.0,16833.0,59.0,195.0,0.0,2.0,19.0
184,Jax,Yasuo,Blitzcrank,Ivern,Ekko,Alistar,Lee Sin,Pantheon,Rumble,Lucian,4.0,7.0,22.5,7.0,0.0,0.0,617.0,0.0,482.0,1679.1,0.0,5.0,17929.0,16791.0,48.0,225.0,1.0,4.0,21.0,1.0,4508287669.0,66.0,164.0,5.0,6.8,20.7,5.0,1.0,1.0,-617.0,1.0,-482.0,1630.9,0.0,7.0,17312.0,16309.0,58.0,207.0,0.0,1.0,9.0
185,Kayn,Yuumi,Kassadin,Illaoi,Jhin,Kalista,Cassiopeia,Lee Sin,Camille,Bard,5.0,6.8,19.6,4.0,1.0,1.0,-715.0,1.0,-345.0,1505.9,0.0,4.0,17260.0,15059.0,60.0,196.0,0.0,2.0,51.0,0.0,4519057052.0,153.0,98.0,2.0,6.6,23.7,4.0,0.0,0.0,715.0,0.0,345.0,1540.4,0.0,4.0,17975.0,15404.0,52.0,237.0,0.0,11.0,36.0
186,Nidalee,Senna,Nasus,Zed,Veigar,Ekko,Ornn,Pyke,Miss Fortune,Teemo,2.0,6.8,22.4,12.0,0.0,0.0,-1319.0,0.0,-3559.0,1558.5,0.0,4.0,17639.0,15585.0,42.0,224.0,0.0,6.0,33.0,0.0,4478393634.0,103.0,126.0,11.0,7.2,21.6,4.0,0.0,0.0,1319.0,1.0,3559.0,1914.4,0.0,12.0,18958.0,19144.0,44.0,216.0,0.0,2.0,30.0
187,Aphelios,Sylas,Graves,Galio,Bard,Cassiopeia,Jarvan IV,Morgana,Caitlyn,Aatrox,8.0,7.2,21.2,8.0,0.0,0.0,-36.0,0.0,-1013.0,1691.7,0.0,6.0,18964.0,16917.0,62.0,212.0,0.0,2.0,38.0,0.0,4518159499.0,60.0,173.0,6.0,7.0,26.0,6.0,1.0,1.0,36.0,1.0,1013.0,1793.0,0.0,8.0,19000.0,17930.0,56.0,260.0,0.0,1.0,12.0
188,Tryndamere,Karma,Shyvana,Sylas,Miss Fortune,Sona,Ezreal,Bard,Wukong,Fizz,8.0,7.0,23.6,4.0,1.0,1.0,2318.0,1.0,3354.0,1839.5,0.0,6.0,19241.0,18395.0,52.0,236.0,1.0,5.0,16.0,1.0,4462027689.0,152.0,51.0,6.0,6.8,18.5,6.0,0.0,0.0,-2318.0,0.0,-3354.0,1504.1,0.0,4.0,16923.0,15041.0,52.0,185.0,0.0,3.0,37.0
189,Wukong,Qiyana,Thresh,Nocturne,Miss Fortune,Lulu,Shaco,Renekton,Pantheon,Cassiopeia,9.0,7.0,22.7,3.0,0.0,0.0,4111.0,1.0,5191.0,1838.9,0.0,10.0,18618.0,18389.0,64.0,227.0,0.0,4.0,14.0,1.0,4527328545.0,65.0,71.0,3.0,6.2,16.2,10.0,0.0,0.0,-4111.0,0.0,-5191.0,1319.8,0.0,3.0,14507.0,13198.0,40.0,162.0,0.0,2.0,14.0
190,Shen,Graves,Ekko,Leona,Singed,Braum,Lee Sin,Hecarim,Nidalee,Lucian,8.0,7.0,21.1,9.0,0.0,0.0,-601.0,0.0,-1539.0,1624.1,0.0,6.0,18864.0,16241.0,60.0,211.0,0.0,1.0,48.0,1.0,4474804095.0,46.0,130.0,9.0,7.2,24.9,6.0,1.0,1.0,601.0,1.0,1539.0,1778.0,0.0,9.0,19465.0,17780.0,52.0,249.0,0.0,1.0,24.0
191,Yasuo,Ivern,Maokai,Leona,Miss Fortune,Lee Sin,Morgana,Pyke,Vayne,Sylas,9.0,6.6,19.0,8.0,0.0,0.0,-1378.0,0.0,-1780.0,1558.2,0.0,6.0,16182.0,15582.0,45.0,190.0,0.0,2.0,18.0,0.0,4523556317.0,62.0,87.0,7.0,7.0,22.9,6.0,0.0,1.0,1378.0,1.0,1780.0,1736.2,1.0,8.0,17560.0,17362.0,43.0,229.0,0.0,3.0,17.0
192,Thresh,Kled,LeBlanc,Zac,Varus,Xayah,Katarina,Janna,Lee Sin,Tryndamere,3.0,6.8,18.3,10.0,0.0,0.0,-881.0,1.0,-2393.0,1481.2,0.0,6.0,17359.0,14812.0,36.0,183.0,0.0,3.0,16.0,0.0,4519991680.0,135.0,56.0,8.0,7.0,21.4,6.0,0.0,0.0,881.0,0.0,2393.0,1720.5,0.0,10.0,18240.0,17205.0,43.0,214.0,0.0,0.0,16.0
193,Jhin,Gangplank,Fiddlesticks,Thresh,Renekton,Vladimir,Kha'Zix,Xerath,Irelia,Miss Fortune,11.0,6.8,22.2,2.0,0.0,0.0,680.0,1.0,2761.0,1752.6,0.0,8.0,17824.0,17526.0,63.0,222.0,0.0,1.0,19.0,0.0,4501386832.0,128.0,201.0,2.0,6.8,21.6,8.0,1.0,1.0,-680.0,0.0,-2761.0,1476.5,0.0,2.0,17144.0,14765.0,64.0,216.0,0.0,3.0,13.0
194,Karma,Yuumi,Kalista,Tryndamere,Lee Sin,Viktor,Darius,Pyke,Elise,Miss Fortune,5.0,6.6,23.0,5.0,1.0,1.0,-1363.0,1.0,-1053.0,1609.1,0.0,3.0,17434.0,16091.0,54.0,230.0,0.0,6.0,23.0,0.0,4509325423.0,284.0,238.0,5.0,7.0,24.8,3.0,0.0,0.0,1363.0,0.0,1053.0,1714.4,0.0,5.0,18797.0,17144.0,47.0,248.0,0.0,7.0,17.0
195,Warwick,Fizz,Janna,Jarvan IV,Aphelios,Kassadin,Shen,Kayn,Sona,Ezreal,4.0,7.2,22.6,5.0,1.0,1.0,2142.0,1.0,2120.0,1769.3,0.0,9.0,19209.0,17693.0,60.0,226.0,0.0,5.0,126.0,1.0,4452228031.0,87.0,136.0,6.0,6.8,17.8,9.0,0.0,0.0,-2142.0,0.0,-2120.0,1557.3,0.0,5.0,17067.0,15573.0,52.0,178.0,0.0,1.0,45.0
196,Sion,Tahm Kench,Kalista,Corki,Lee Sin,Xerath,Vayne,Senna,Graves,Gangplank,0.0,6.6,21.8,8.0,1.0,1.0,-2221.0,0.0,-3700.0,1349.3,0.0,1.0,16560.0,13493.0,44.0,218.0,0.0,4.0,17.0,1.0,4520341861.0,45.0,59.0,8.0,7.0,22.9,1.0,0.0,0.0,2221.0,1.0,3700.0,1719.3,0.0,8.0,18781.0,17193.0,39.0,229.0,0.0,5.0,16.0
197,Ekko,Renekton,Lulu,Caitlyn,Orianna,Vayne,Maokai,Sylas,Kha'Zix,Tahm Kench,14.0,7.2,22.8,3.0,0.0,0.0,3092.0,0.0,4898.0,1937.3,0.0,11.0,19208.0,19373.0,40.0,228.0,0.0,1.0,19.0,1.0,4513811621.0,111.0,173.0,2.0,6.6,19.0,11.0,1.0,1.0,-3092.0,1.0,-4898.0,1447.5,0.0,3.0,16116.0,14475.0,60.0,190.0,0.0,2.0,14.0
198,Lee Sin,Ornn,Veigar,Taric,Miss Fortune,Karthus,Diana,Qiyana,Varus,Blitzcrank,9.0,6.6,21.4,8.0,0.0,0.0,-1059.0,1.0,-336.0,1720.2,0.0,8.0,17447.0,17202.0,40.0,214.0,0.0,3.0,14.0,0.0,4481379221.0,118.0,81.0,9.0,7.0,21.4,8.0,1.0,1.0,1059.0,0.0,336.0,1753.8,0.0,8.0,18506.0,17538.0,71.0,214.0,0.0,0.0,14.0
199,Sylas,Kalista,Pantheon,Janna,Rek'Sai,Malphite,Varus,Katarina,Nautilus,Lee Sin,6.0,6.6,19.6,7.0,0.0,0.0,-1777.0,0.0,-1003.0,1563.9,0.0,5.0,16156.0,15639.0,48.0,196.0,0.0,4.0,17.0,0.0,4502587670.0,94.0,64.0,7.0,6.8,20.4,5.0,1.0,1.0,1777.0,1.0,1003.0,1664.2,0.0,7.0,17933.0,16642.0,48.0,204.0,0.0,3.0,17.0
